StartDate,EndDate,Status,Progress,Duration (in seconds),Finished,RecordedDate,ResponseId,DistributionChannel,UserLanguage,Q_RecaptchaScore,Survey Information,Brand trust_1,Brand trust_2,Brand trust_3,Brand trust_4,scarcity credibility_1,scarcity credibility_2,scarcity credibility_3,scarcity credibility_4,scarcity credibility_5,Socialproof credibil_1,Socialproof credibil_2,Socialproof credibil_3,Socialproof credibil_4,Socialproof credibil_5,Purchase intention_1,Purchase intention_2,Purchase intention_3,Purchase intention_4,Purchase intention_5,Age,Gender,Product familiarity,Q_RecaptchaStatus,Q_RecaptchaError,Q_BallotBoxStuffing,Q_TerminateFlag,cue_type,condition,Q_StraightliningCount,Q_StraightliningPercentage,Q_StraightliningQuestions
Start Date,End Date,Response Type,Progress,Duration (in seconds),Finished,Recorded Date,Response ID,Distribution Channel,User Language,Q_RecaptchaScore,"You are invited to participate in a research study conducted as part of a bachelor thesis in Marketing at Vrije Universiteit Amsterdam.

The purpose of this study is to examine how people evaluate online product information and how this influences their perceptions and decisions.

It will take approximately 3-5 minutes to complete.



Your participation is voluntary, and you may stop at any time without penalty.



Your responses are anonymous. No identifying information will be collected. All data will be stored securely and used only for academic research purposes.

You must be 18 years or older to participate.



If you have any questions about the study, you can contact the researcher at: i.s.beukering@student.vu.nl



By clicking “Yes, I agree”, you confirm that:

- you are 18 years or older,

- you have read the information above, and

- you give your informed consent to participate in this study.","Please indicate how much you agree with the following statements about the brand you just saw. Select the option that best represents your opinion. 
Each item is rated on a 7‑point Likert scale, where 1 = Strongly disagree and 7 = Strongly agree - I trust this brand","Please indicate how much you agree with the following statements about the brand you just saw. Select the option that best represents your opinion. 
Each item is rated on a 7‑point Likert scale, where 1 = Strongly disagree and 7 = Strongly agree - I rely on this brand","Please indicate how much you agree with the following statements about the brand you just saw. Select the option that best represents your opinion. 
Each item is rated on a 7‑point Likert scale, where 1 = Strongly disagree and 7 = Strongly agree - This is an honest brand","Please indicate how much you agree with the following statements about the brand you just saw. Select the option that best represents your opinion. 
Each item is rated on a 7‑point Likert scale, where 1 = Strongly disagree and 7 = Strongly agree - This brand is safe","Please indicate how credible you find the message “Selling fast! Only 8 units left.” from the advertisement you just saw. For each item, select the option that best represents your opinion. Each item is rated on a 7‑point Likert scale, where 1 = Strongly disagree and 7 = Strongly agree. - This message is likely to be trustworthy","Please indicate how credible you find the message “Selling fast! Only 8 units left.” from the advertisement you just saw. For each item, select the option that best represents your opinion. Each item is rated on a 7‑point Likert scale, where 1 = Strongly disagree and 7 = Strongly agree. - This message is likely to be believable","Please indicate how credible you find the message “Selling fast! Only 8 units left.” from the advertisement you just saw. For each item, select the option that best represents your opinion. Each item is rated on a 7‑point Likert scale, where 1 = Strongly disagree and 7 = Strongly agree. - This message is likely to be accurate","Please indicate how credible you find the message “Selling fast! Only 8 units left.” from the advertisement you just saw. For each item, select the option that best represents your opinion. Each item is rated on a 7‑point Likert scale, where 1 = Strongly disagree and 7 = Strongly agree. - This message is likely to be credible","Please indicate how credible you find the message “Selling fast! Only 8 units left.” from the advertisement you just saw. For each item, select the option that best represents your opinion. Each item is rated on a 7‑point Likert scale, where 1 = Strongly disagree and 7 = Strongly agree. - Please click ""7=strongly agree"" here","Please indicate how credible you find the message “Top Rated: 4.8/5★ based on 2134 reviews” from the advertisement you just saw. For each item, select the option that best represents your opinion. Each item is rated on a 7‑point Likert scale, where 1 = Strongly disagree and 7 = Strongly agree. - This message is likely to be trustworthy","Please indicate how credible you find the message “Top Rated: 4.8/5★ based on 2134 reviews” from the advertisement you just saw. For each item, select the option that best represents your opinion. Each item is rated on a 7‑point Likert scale, where 1 = Strongly disagree and 7 = Strongly agree. - This message is likely to be believable","Please indicate how credible you find the message “Top Rated: 4.8/5★ based on 2134 reviews” from the advertisement you just saw. For each item, select the option that best represents your opinion. Each item is rated on a 7‑point Likert scale, where 1 = Strongly disagree and 7 = Strongly agree. - This message is likely to be accurate","Please indicate how credible you find the message “Top Rated: 4.8/5★ based on 2134 reviews” from the advertisement you just saw. For each item, select the option that best represents your opinion. Each item is rated on a 7‑point Likert scale, where 1 = Strongly disagree and 7 = Strongly agree. - This message is likely to be credible","Please indicate how credible you find the message “Top Rated: 4.8/5★ based on 2134 reviews” from the advertisement you just saw. For each item, select the option that best represents your opinion. Each item is rated on a 7‑point Likert scale, where 1 = Strongly disagree and 7 = Strongly agree. - Please click ""7=strongly agree"" here","Please indicate how likely you are to purchase the wireless headphones. For each statement, select the option that best represents your opinion.

Each item is rated on a 7‑point scale, where 1 means the statement on the left and 7 means the statement on the right. - I would never buy this product:I would definitely buy this product","Please indicate how likely you are to purchase the wireless headphones. For each statement, select the option that best represents your opinion.

Each item is rated on a 7‑point scale, where 1 means the statement on the left and 7 means the statement on the right. - I definitely do not intend to buy this product:I definitely intend to buy this product","Please indicate how likely you are to purchase the wireless headphones. For each statement, select the option that best represents your opinion.

Each item is rated on a 7‑point scale, where 1 means the statement on the left and 7 means the statement on the right. - My purchase interest is very low:My purchase interest is very high","Please indicate how likely you are to purchase the wireless headphones. For each statement, select the option that best represents your opinion.

Each item is rated on a 7‑point scale, where 1 means the statement on the left and 7 means the statement on the right. - I would definitely not buy this product:I would definitely buy this product","Please indicate how likely you are to purchase the wireless headphones. For each statement, select the option that best represents your opinion.

Each item is rated on a 7‑point scale, where 1 means the statement on the left and 7 means the statement on the right. - I would probably not buy this product:I would probably buy this product",What is your age?,What is your gender?,How familiar are you with wireless headphones?,Q_RecaptchaStatus,Q_RecaptchaError,Q_BallotBoxStuffing,Q_TerminateFlag,cue_type,condition,Q_StraightliningCount,Q_StraightliningPercentage,Q_StraightliningQuestions
"{""ImportId"":""startDate"",""timeZone"":""America/Denver""}","{""ImportId"":""endDate"",""timeZone"":""America/Denver""}","{""ImportId"":""status""}","{""ImportId"":""progress""}","{""ImportId"":""duration""}","{""ImportId"":""finished""}","{""ImportId"":""recordedDate"",""timeZone"":""America/Denver""}","{""ImportId"":""_recordId""}","{""ImportId"":""distributionChannel""}","{""ImportId"":""userLanguage""}","{""ImportId"":""Q_RecaptchaScore""}","{""ImportId"":""QID1""}","{""ImportId"":""QID10_1""}","{""ImportId"":""QID10_2""}","{""ImportId"":""QID10_3""}","{""ImportId"":""QID10_4""}","{""ImportId"":""QID11_1""}","{""ImportId"":""QID11_2""}","{""ImportId"":""QID11_3""}","{""ImportId"":""QID11_4""}","{""ImportId"":""QID11_5""}","{""ImportId"":""QID30_1""}","{""ImportId"":""QID30_2""}","{""ImportId"":""QID30_3""}","{""ImportId"":""QID30_4""}","{""ImportId"":""QID30_5""}","{""ImportId"":""QID16_1""}","{""ImportId"":""QID16_2""}","{""ImportId"":""QID16_3""}","{""ImportId"":""QID16_4""}","{""ImportId"":""QID16_5""}","{""ImportId"":""QID19""}","{""ImportId"":""QID18""}","{""ImportId"":""QID20""}","{""ImportId"":""Q_RecaptchaStatus""}","{""ImportId"":""Q_RecaptchaError""}","{""ImportId"":""Q_BallotBoxStuffing""}","{""ImportId"":""Q_TerminateFlag""}","{""ImportId"":""cue_type""}","{""ImportId"":""condition""}","{""ImportId"":""Q_StraightliningCount""}","{""ImportId"":""Q_StraightliningPercentage""}","{""ImportId"":""Q_StraightliningQuestions""}"
2026-05-21 11:29:58,2026-05-21 11:30:32,0,58,33,0,2026-05-21 11:30:56,R_2fCc2FTik6m6Pye,anonymous,EN,0.800000011920929,1,,,,,,,,,,,,,,,,,,,,,,,complete,,,,social_proof,lowtrust_socialproof,0,0,
2026-05-21 11:27:03,2026-05-21 11:29:56,0,58,172,0,2026-05-21 11:30:57,R_8YJ6FuRZzLFhV6p,anonymous,EN,0.800000011920929,1,,,,,,,,,,,,,,,,,,,,,,,complete,,,,social_proof,hightrust_socialproof,0,0,
2026-05-21 11:40:04,2026-05-21 11:41:21,0,100,76,1,2026-05-21 11:41:22,R_8VsRjAn5Qm11XPK,anonymous,EN,0.8999999761581421,1,6,6,6,6,6,6,6,5,7,,,,,,6,6,5,6,6,1,2,5,complete,,,Complete,scarcity,hightrust_scarcity,1,0.3333333333333333,QID10
2026-05-21 12:21:18,2026-05-21 12:30:07,0,100,528,1,2026-05-21 12:30:07,R_2pbS1S53GP8BvhC,anonymous,EN,1,1,3,3,3,3,2,2,2,2,7,,,,,,2,2,2,2,2,5,1,7,complete,,,Complete,scarcity,lowtrust_scarcity,2,0.6666666666666666,"QID10,QID16"
2026-05-21 11:31:48,2026-05-21 11:32:10,0,58,21,0,2026-05-21 12:32:14,R_2JyF58hVoeoPFSK,anonymous,EN,0.8999999761581421,1,,,,,,,,,,,,,,,,,,,,,,,complete,,,,social_proof,hightrust_socialproof,0,0,
2026-05-21 12:49:27,2026-05-21 12:56:04,0,100,396,1,2026-05-21 12:56:04,R_22JRJNAKxtWlRmg,anonymous,EN,1,1,4,1,5,5,5,5,3,4,7,,,,,,5,3,2,4,3,1,2,1,complete,,,Complete,scarcity,lowtrust_scarcity,0,0,
2026-05-21 13:13:29,2026-05-21 13:16:04,0,100,154,1,2026-05-21 13:16:04,R_8q4BboYAFpdW2iY,anonymous,EN,1,1,6,5,6,6,,,,,,6,6,6,6,7,5,6,5,5,6,1,2,4,complete,,,Complete,social_proof,hightrust_socialproof,0,0,
2026-05-21 13:14:27,2026-05-21 13:16:19,0,100,112,1,2026-05-21 13:16:19,R_8dBWSh5Q7XD23El,anonymous,EN,1,1,6,6,6,6,7,7,7,7,7,,,,,,6,5,5,6,5,1,2,5,complete,,,Complete,scarcity,hightrust_scarcity,2,0.6666666666666666,"QID10,QID11"
2026-05-21 13:19:00,2026-05-21 13:20:14,0,100,73,1,2026-05-21 13:20:15,R_2vWgZlpnDQRBkXf,anonymous,EN,1,1,5,3,5,4,,,,,,5,5,5,5,7,5,4,6,5,4,1,1,6,complete,,,Complete,social_proof,lowtrust_socialproof,0,0,
2026-05-21 13:20:01,2026-05-21 13:21:50,0,100,109,1,2026-05-21 13:21:51,R_2CfSpXBRlnBR3cl,anonymous,EN,1,1,1,1,1,2,2,2,2,2,7,,,,,,2,2,2,2,2,1,2,5,complete,,,Complete,scarcity,lowtrust_scarcity,1,0.3333333333333333,QID16
2026-05-21 13:26:47,2026-05-21 13:32:13,0,100,325,1,2026-05-21 13:32:13,R_8Gf9wytpYFB58S4,anonymous,EN,1,1,6,5,6,6,4,4,4,4,7,,,,,,2,2,3,2,1,2,2,7,complete,,,Complete,scarcity,hightrust_scarcity,0,0,
2026-05-21 13:32:54,2026-05-21 13:34:17,0,100,82,1,2026-05-21 13:34:17,R_8ctvg706KL5O70l,anonymous,EN,1,1,6,6,7,5,,,,,,6,6,4,5,6,4,5,4,5,5,1,1,6,complete,,,Complete,social_proof,lowtrust_socialproof,0,0,
2026-05-21 13:33:23,2026-05-21 13:37:00,0,100,216,1,2026-05-21 13:37:00,R_87gjqiDsJuNUWV8,anonymous,EN,1,1,6,5,6,6,,,,,,4,4,3,4,7,6,3,3,4,4,5,1,6,complete,,,Complete,social_proof,hightrust_socialproof,0,0,
2026-05-21 13:36:59,2026-05-21 13:44:15,0,100,436,1,2026-05-21 13:44:15,R_2WOPzgWKk6cmGaJ,anonymous,EN,1,1,7,7,7,7,1,1,1,1,7,,,,,,4,4,5,4,4,4,2,3,complete,,,Complete,scarcity,lowtrust_scarcity,1,0.3333333333333333,QID10
2026-05-21 13:44:49,2026-05-21 13:49:27,0,100,278,1,2026-05-21 13:49:28,R_2IgUr8e2ZgnIUxC,anonymous,EN,1,1,7,6,7,7,4,4,3,3,7,,,,,,7,7,6,7,7,4,2,7,complete,,,Complete,scarcity,hightrust_scarcity,0,0,
2026-05-21 13:53:28,2026-05-21 13:56:08,0,100,160,1,2026-05-21 13:56:09,R_8ff02NKaoSL5rXr,anonymous,EN,1,1,6,5,5,5,,,,,,6,6,6,6,7,4,4,4,4,4,1,2,4,complete,,,Complete,social_proof,lowtrust_socialproof,1,0.3333333333333333,QID16
2026-05-21 13:52:32,2026-05-21 13:56:15,0,100,222,1,2026-05-21 13:56:15,R_8mQ2Ku76BoXACIY,anonymous,EN,1,1,5,4,4,6,,,,,,4,4,4,4,7,5,4,5,5,4,3,2,2,complete,,,Complete,social_proof,hightrust_socialproof,0,0,
2026-05-21 14:00:57,2026-05-21 14:03:26,0,100,148,1,2026-05-21 14:03:26,R_8N3OO5xrUSA1QpI,anonymous,EN,0.8999999761581421,1,4,4,4,4,4,5,4,4,7,,,,,,5,5,4,4,4,1,2,6,complete,,,Complete,scarcity,lowtrust_scarcity,1,0.3333333333333333,QID10
2026-05-21 14:05:13,2026-05-21 14:08:42,0,100,208,1,2026-05-21 14:08:42,R_2dG8vFF5v4ecFZC,anonymous,EN,1,1,4,2,4,5,,,,,,3,2,3,4,7,5,4,1,6,2,3,1,5,complete,,,Complete,social_proof,hightrust_socialproof,0,0,
2026-05-21 14:11:53,2026-05-21 14:14:28,0,100,155,1,2026-05-21 14:14:28,R_8vkujUNZgwcWIb6,anonymous,EN,1,1,6,5,5,6,2,1,2,2,7,,,,,,6,6,5,5,5,1,1,5,complete,,,Complete,scarcity,hightrust_scarcity,0,0,
2026-05-21 13:57:05,2026-05-21 14:19:40,0,100,1355,1,2026-05-21 14:19:40,R_2ezb40wunntmxg9,anonymous,EN,0.800000011920929,1,6,3,6,6,,,,,,6,6,6,6,7,5,2,2,3,2,1,1,6,complete,,,Complete,social_proof,lowtrust_socialproof,0,0,
2026-05-21 14:14:43,2026-05-21 14:27:53,0,100,789,1,2026-05-21 14:27:53,R_8OmWguQiFWsFE1X,anonymous,EN,0.800000011920929,1,4,4,4,4,3,3,3,3,3,,,,,,2,2,2,2,2,6,2,7,complete,,,Complete,scarcity,hightrust_scarcity,3,1,"QID10,QID11,QID16"
2026-05-21 14:28:04,2026-05-21 14:29:56,0,100,112,1,2026-05-21 14:29:56,R_2hajCdPRhPuxhcJ,anonymous,EN,1,1,5,5,4,3,,,,,,5,4,3,4,7,6,5,4,5,4,1,2,6,complete,,,Complete,social_proof,lowtrust_socialproof,0,0,
2026-05-21 13:22:27,2026-05-21 13:32:23,0,5,596,0,2026-05-21 14:32:24,R_8KEaSbkZiFTvMLn,anonymous,EN,1,1,,,,,,,,,,,,,,,,,,,,,,,complete,,,,,,0,0,
2026-05-21 14:31:03,2026-05-21 14:33:11,0,100,127,1,2026-05-21 14:33:11,R_8EPZJieWv4wDg2J,anonymous,EN,1,1,4,4,4,6,,,,,,4,5,4,4,7,4,4,1,1,1,1,2,5,complete,,,Complete,social_proof,hightrust_socialproof,0,0,
2026-05-21 14:32:29,2026-05-21 14:34:33,0,100,124,1,2026-05-21 14:34:34,R_80wuaWgMerNG27u,anonymous,EN,1,1,3,2,4,4,4,4,3,3,7,,,,,,3,1,1,1,1,1,2,6,complete,,,Complete,scarcity,lowtrust_scarcity,0,0,
2026-05-21 15:01:38,2026-05-21 15:05:26,0,100,228,1,2026-05-21 15:05:27,R_2MMDjcFkVym58Ar,anonymous,EN,1,1,4,4,5,3,4,3,5,4,7,,,,,,3,3,4,4,3,1,2,5,complete,,,Complete,scarcity,lowtrust_scarcity,0,0,
2026-05-21 15:15:41,2026-05-21 15:18:39,0,100,177,1,2026-05-21 15:18:39,R_2tPijd2fxtjSsLv,anonymous,EN,0.8999999761581421,1,5,4,4,5,,,,,,5,5,5,5,7,4,3,3,4,4,1,2,6,complete,,,Complete,social_proof,hightrust_socialproof,0,0,
2026-05-21 15:18:30,2026-05-21 15:28:30,0,100,599,1,2026-05-21 15:28:30,R_8uHOm841vaaotC9,anonymous,EN,1,1,6,6,6,6,,,,,,5,5,4,5,7,4,4,4,4,4,7,2,4,complete,,,Complete,social_proof,lowtrust_socialproof,2,0.6666666666666666,"QID10,QID16"
2026-05-21 15:25:52,2026-05-21 15:32:10,0,100,378,1,2026-05-21 15:32:11,R_2EoZsK7mHGJL6IE,anonymous,EN,0.8999999761581421,1,4,6,4,4,,,,,,5,5,5,5,7,4,2,2,2,2,3,1,5,complete,,,Complete,social_proof,lowtrust_socialproof,0,0,
2026-05-21 15:34:55,2026-05-21 15:40:14,0,100,319,1,2026-05-21 15:40:14,R_29vnOVQoNRqqljP,anonymous,EN,1,1,6,3,6,5,,,,,,6,5,4,5,7,6,5,6,4,5,1,1,5,complete,,,Complete,social_proof,hightrust_socialproof,0,0,
2026-05-21 14:49:04,2026-05-21 14:49:35,0,5,30,0,2026-05-21 15:49:36,R_81u42RTcTr6koEA,anonymous,EN,1,1,,,,,,,,,,,,,,,,,,,,,,,complete,,,,,,0,0,
2026-05-21 15:09:40,2026-05-21 15:10:09,0,58,28,0,2026-05-21 16:10:12,R_2iJYlLFHiGpASY1,anonymous,EN,1,1,,,,,,,,,,,,,,,,,,,,,,,complete,,,,scarcity,hightrust_scarcity,0,0,
2026-05-21 16:07:54,2026-05-21 16:11:20,0,100,205,1,2026-05-21 16:11:20,R_8oRDWaFst9XvC5X,anonymous,EN,1,1,3,3,2,3,2,3,3,3,7,,,,,,3,3,2,2,2,1,1,4,complete,,,Complete,scarcity,hightrust_scarcity,0,0,
2026-05-21 16:19:55,2026-05-21 16:22:43,0,100,167,1,2026-05-21 16:22:43,R_2VQh03yyZyxg7DK,anonymous,EN,0.8999999761581421,1,5,5,5,5,1,1,1,1,7,,,,,,1,1,1,1,1,1,1,6,complete,,,Complete,scarcity,lowtrust_scarcity,2,0.6666666666666666,"QID10,QID16"
2026-05-21 15:27:14,2026-05-21 15:27:26,0,5,11,0,2026-05-21 16:27:27,R_27yezBpqrKdvPQN,anonymous,EN,1,1,,,,,,,,,,,,,,,,,,,,,,,complete,,,,,,0,0,
2026-05-21 16:28:55,2026-05-21 16:32:36,0,100,220,1,2026-05-21 16:32:36,R_8DnH6DIPlgZkY8p,anonymous,EN,1,1,4,5,4,4,4,4,4,4,7,,,,,,4,4,3,4,3,3,1,6,complete,,,Complete,scarcity,hightrust_scarcity,0,0,
2026-05-21 16:29:43,2026-05-21 16:33:28,0,100,225,1,2026-05-21 16:33:28,R_8DZcfHzJDQcIECu,anonymous,EN,1,1,1,2,1,2,,,,,,1,3,2,2,7,2,3,2,2,2,1,1,4,complete,,,Complete,social_proof,lowtrust_socialproof,0,0,
2026-05-21 16:34:50,2026-05-21 16:37:41,0,100,171,1,2026-05-21 16:37:42,R_2Yy42bxLSlE2uCP,anonymous,EN,0.8999999761581421,1,5,4,5,5,4,4,4,5,1,,,,,,4,4,4,4,4,4,2,5,complete,,,Complete,scarcity,lowtrust_scarcity,1,0.3333333333333333,QID16
2026-05-21 17:08:27,2026-05-21 17:11:32,0,100,185,1,2026-05-21 17:11:32,R_2G7E090xf44gJ2N,anonymous,EN,1,1,6,6,4,5,,,,,,6,6,5,6,7,5,5,5,5,5,1,2,6,complete,,,Complete,social_proof,hightrust_socialproof,1,0.3333333333333333,QID16
2026-05-21 20:24:22,2026-05-21 20:36:32,0,100,729,1,2026-05-21 20:36:32,R_9GHtHFbRfEtWc99,anonymous,EN,0.800000011920929,1,5,4,5,5,,,,,,5,5,5,5,7,3,3,3,4,3,1,2,5,complete,,,Complete,social_proof,hightrust_socialproof,0,0,
2026-05-21 20:03:14,2026-05-21 20:03:52,0,42,37,0,2026-05-21 21:03:57,R_9MfVXtmAT6kekVc,anonymous,EN,0.800000011920929,1,,,,,,,,,,,,,,,,,,,,,,,complete,,,,scarcity,lowtrust_scarcity,0,0,
2026-05-21 21:28:32,2026-05-21 21:36:04,0,100,452,1,2026-05-21 21:36:05,R_21TaKlbHFGcYSZB,anonymous,EN,1,1,7,7,7,7,,,,,,7,6,7,6,7,7,5,7,7,7,5,2,7,complete,,,Complete,social_proof,lowtrust_socialproof,1,0.3333333333333333,QID10
2026-05-21 22:57:47,2026-05-21 22:59:02,0,100,75,1,2026-05-21 22:59:02,R_2Vgoeu1pRNHKbmC,anonymous,EN,1,1,5,5,6,6,1,1,1,1,7,,,,,,5,4,5,5,5,1,1,3,complete,,,Complete,scarcity,hightrust_scarcity,0,0,
2026-05-21 23:50:53,2026-05-21 23:53:11,0,100,137,1,2026-05-21 23:53:11,R_8ocHJqz1hE6fd78,anonymous,EN,1,1,4,4,3,3,,,,,,5,3,5,5,7,5,6,4,2,4,1,1,4,complete,,,Complete,social_proof,hightrust_socialproof,0,0,
2026-05-22 00:07:56,2026-05-22 00:12:53,0,100,297,1,2026-05-22 00:12:53,R_2jCkgSbHRBiYBDH,anonymous,EN,0.4000000059604645,1,4,4,4,4,,,,,,5,5,5,5,7,4,4,2,4,2,2,2,7,complete,,,Complete,social_proof,lowtrust_socialproof,1,0.3333333333333333,QID10
2026-05-21 23:21:30,2026-05-21 23:23:02,0,58,91,0,2026-05-22 00:23:05,R_8pmuEAUnUUWUcj1,anonymous,EN,0.20000000298023224,1,,,,,,,,,,,,,,,,,,,,,,,complete,,,,scarcity,hightrust_scarcity,0,0,
2026-05-22 00:30:09,2026-05-22 00:32:59,0,100,170,1,2026-05-22 00:32:59,R_2dWdLlInbvDXAd1,anonymous,EN,1,1,4,4,4,4,2,4,4,1,7,,,,,,1,1,1,1,2,1,2,2,complete,,,Complete,scarcity,lowtrust_scarcity,1,0.3333333333333333,QID10
2026-05-22 01:19:56,2026-05-22 01:21:11,0,100,74,1,2026-05-22 01:21:11,R_2IyOAa5WvknliZl,anonymous,EN,1,1,6,6,6,6,,,,,,6,6,6,6,7,5,5,5,5,5,1,2,6,complete,,,Complete,social_proof,lowtrust_socialproof,2,0.6666666666666666,"QID10,QID16"
2026-05-22 01:32:46,2026-05-22 01:35:15,0,100,149,1,2026-05-22 01:35:17,R_8S6bmTCBDTZjsRI,anonymous,EN,1,1,3,3,3,3,,,,,,4,5,3,4,7,3,5,1,2,2,1,2,7,complete,,,Complete,social_proof,hightrust_socialproof,1,0.3333333333333333,QID10
2026-05-22 01:45:34,2026-05-22 01:47:52,0,100,138,1,2026-05-22 01:47:53,R_2MM9DujOpfbfEcQ,anonymous,EN,0.8999999761581421,1,6,6,6,6,5,5,5,5,7,,,,,,6,6,6,6,6,1,2,4,complete,,,Complete,scarcity,hightrust_scarcity,2,0.6666666666666666,"QID10,QID16"
2026-05-22 01:49:56,2026-05-22 01:52:35,0,100,158,1,2026-05-22 01:52:36,R_8oiEP9Y7wznKSUn,anonymous,EN,0.800000011920929,1,5,4,5,5,2,2,1,2,7,,,,,,3,3,4,3,3,1,2,5,complete,,,Complete,scarcity,lowtrust_scarcity,0,0,
2026-05-22 02:16:17,2026-05-22 02:21:19,0,100,302,1,2026-05-22 02:21:20,R_8uxi3Sp90iRyd3z,anonymous,EN,1,1,6,6,6,6,4,4,4,4,4,,,,,,4,4,3,4,3,1,2,6,complete,,,Complete,scarcity,lowtrust_scarcity,2,0.6666666666666666,"QID10,QID11"
2026-05-22 02:31:38,2026-05-22 02:36:08,0,100,269,1,2026-05-22 02:36:08,R_8kTCEOr6AnrQ2Qh,anonymous,EN,0.8999999761581421,1,4,1,4,4,3,3,5,6,7,,,,,,4,4,4,4,4,1,1,7,complete,,,Complete,scarcity,hightrust_scarcity,1,0.3333333333333333,QID16
2026-05-22 02:32:42,2026-05-22 02:37:43,0,100,300,1,2026-05-22 02:37:43,R_8c5ZKCszL4r6b6X,anonymous,EN,1,1,6,6,6,6,,,,,,6,6,6,6,7,5,5,4,5,5,1,2,4,complete,,,Complete,social_proof,hightrust_socialproof,1,0.3333333333333333,QID10
2026-05-22 02:36:51,2026-05-22 02:40:20,0,100,209,1,2026-05-22 02:40:21,R_8rUosbLBidZKvlI,anonymous,EN,1,1,4,4,4,4,,,,,,4,5,5,5,7,1,1,1,1,1,4,2,4,complete,,,Complete,social_proof,hightrust_socialproof,2,0.6666666666666666,"QID10,QID16"
2026-05-22 02:07:45,2026-05-22 02:08:27,0,58,41,0,2026-05-22 03:08:34,R_8VSc8CNMxgTyXkJ,anonymous,EN,0.800000011920929,1,,,,,,,,,,,,,,,,,,,,,,,complete,,,,social_proof,lowtrust_socialproof,0,0,
2026-05-22 03:07:03,2026-05-22 03:07:36,0,58,33,0,2026-05-22 04:07:39,R_2PKfW7IKRICSgRb,anonymous,EN,1,1,,,,,,,,,,,,,,,,,,,,,,,complete,,,,scarcity,lowtrust_scarcity,0,0,
2026-05-22 05:44:18,2026-05-22 05:47:50,0,100,211,1,2026-05-22 05:47:50,R_8ZnylcMRUrt4GFH,anonymous,EN,1,1,6,4,5,6,3,3,3,3,7,,,,,,3,2,2,1,1,1,1,2,complete,,,Complete,scarcity,hightrust_scarcity,0,0,
2026-05-22 09:34:59,2026-05-22 09:41:26,0,100,386,1,2026-05-22 09:41:27,R_2qdmzREhlIYHCB6,anonymous,EN,1,1,6,2,6,4,,,,,,5,5,4,5,7,6,5,5,6,7,1,1,7,complete,,,Complete,social_proof,lowtrust_socialproof,0,0,
2026-05-22 13:11:50,2026-05-22 13:16:05,0,100,254,1,2026-05-22 13:16:05,R_8lKwHF7oJwSUvoV,anonymous,EN,1,1,3,3,4,3,3,3,3,3,4,,,,,,3,3,5,2,4,5,2,5,complete,,,Complete,scarcity,hightrust_scarcity,0,0,
2026-05-22 15:16:57,2026-05-22 15:20:57,0,100,239,1,2026-05-22 15:20:57,R_8VkFCbwmOGmcbOn,anonymous,EN,1,1,6,4,6,5,,,,,,6,6,6,6,7,6,5,6,5,6,3,1,3,complete,,,Complete,social_proof,hightrust_socialproof,0,0,
2026-05-22 23:40:34,2026-05-22 23:45:49,0,100,314,1,2026-05-22 23:45:49,R_2SB0IrgENa8wXtR,anonymous,EN,1,1,4,2,4,3,,,,,,4,5,4,4,7,5,5,5,5,5,5,1,5,complete,,,Complete,social_proof,lowtrust_socialproof,1,0.3333333333333333,QID16
2026-05-23 04:02:44,2026-05-23 04:05:38,0,100,174,1,2026-05-23 04:05:38,R_2CZWolMDb4OeT8F,anonymous,EN,1,1,2,1,2,2,2,2,2,2,7,,,,,,2,2,1,1,2,2,2,6,complete,,,Complete,scarcity,lowtrust_scarcity,0,0,
2026-05-23 06:22:50,2026-05-23 06:25:04,0,100,134,1,2026-05-23 06:25:06,R_2TTwqCPewi0o3iF,anonymous,EN,1,1,6,6,6,6,6,6,5,5,7,,,,,,6,2,6,6,5,1,1,6,complete,,,Complete,scarcity,hightrust_scarcity,1,0.3333333333333333,QID10
2026-05-23 06:27:24,2026-05-23 06:37:14,0,100,590,1,2026-05-23 06:37:15,R_8DQ6QjENuAhYEWR,anonymous,EN,1,1,4,4,4,4,3,3,5,3,7,,,,,,5,4,5,5,4,4,2,1,complete,,,Complete,scarcity,lowtrust_scarcity,1,0.3333333333333333,QID10
2026-05-23 08:06:36,2026-05-23 08:10:59,0,100,262,1,2026-05-23 08:10:59,R_2B5NuAgHlhBCtw6,anonymous,EN,1,1,6,3,6,6,,,,,,6,6,6,6,7,4,2,3,3,1,1,1,4,complete,,,Complete,social_proof,hightrust_socialproof,0,0,
2026-05-23 09:41:14,2026-05-23 09:45:11,0,100,236,1,2026-05-23 09:45:12,R_2CBh6OFs16BbRBH,anonymous,EN,1,1,5,5,3,3,,,,,,5,5,5,5,7,5,5,5,5,5,1,1,5,complete,,,Complete,social_proof,lowtrust_socialproof,1,0.3333333333333333,QID16
2026-05-23 21:34:02,2026-05-23 21:41:34,0,100,451,1,2026-05-23 21:41:34,R_8rhA9TLwwV9hkT7,anonymous,EN,0.4000000059604645,1,6,5,4,5,,,,,,5,5,5,5,7,5,5,5,5,5,6,1,6,complete,,,Complete,social_proof,hightrust_socialproof,1,0.3333333333333333,QID16
2026-05-24 02:39:52,2026-05-24 02:42:34,0,100,162,1,2026-05-24 02:42:34,R_2fYIyXlP5NXfwK2,anonymous,EN,1,1,4,4,3,2,,,,,,5,5,4,3,7,6,2,6,6,5,1,2,6,complete,,,Complete,social_proof,lowtrust_socialproof,0,0,
2026-05-24 04:21:34,2026-05-24 04:23:46,0,100,131,1,2026-05-24 04:23:46,R_8P2iArQFhgsjo70,anonymous,EN,1,1,3,4,2,3,1,1,1,1,1,,,,,,4,3,3,4,2,2,1,7,complete,,,Complete,scarcity,hightrust_scarcity,1,0.3333333333333333,QID11
2026-05-24 05:16:32,2026-05-24 05:19:16,0,100,163,1,2026-05-24 05:19:16,R_8K70AEzX1W7jhRA,anonymous,EN,1,1,5,5,4,5,,,,,,6,6,6,4,7,4,4,3,4,3,1,2,6,complete,,,Complete,social_proof,lowtrust_socialproof,0,0,
2026-05-24 05:20:36,2026-05-24 05:23:31,0,100,174,1,2026-05-24 05:23:32,R_8PdTqZX8ZygRAZq,anonymous,EN,1,1,6,5,5,6,,,,,,7,6,6,4,7,6,6,5,6,6,1,2,4,complete,,,Complete,social_proof,hightrust_socialproof,0,0,
2026-05-24 05:21:42,2026-05-24 05:24:47,0,100,185,1,2026-05-24 05:24:48,R_8qWG8ajQSrIv5sl,anonymous,EN,1,1,4,4,4,4,3,2,3,3,7,,,,,,4,3,3,4,4,1,2,5,complete,,,Complete,scarcity,lowtrust_scarcity,1,0.3333333333333333,QID10
2026-05-24 05:22:35,2026-05-24 05:25:32,0,100,177,1,2026-05-24 05:25:32,R_8LLLcpZ8wQGYpbD,anonymous,EN,1,1,6,4,6,7,2,6,6,6,7,,,,,,6,4,5,6,5,1,2,7,complete,,,Complete,scarcity,hightrust_scarcity,0,0,
2026-05-24 05:35:09,2026-05-24 05:36:27,0,100,78,1,2026-05-24 05:36:27,R_2g1P88BzCQNT0nA,anonymous,EN,0.800000011920929,1,5,5,5,5,3,2,2,2,7,,,,,,3,2,2,2,2,1,1,5,complete,,,Complete,scarcity,lowtrust_scarcity,1,0.3333333333333333,QID10
2026-05-24 05:46:21,2026-05-24 05:48:46,0,100,144,1,2026-05-24 05:48:46,R_8FtcI20lAfkitWh,anonymous,EN,1,1,4,1,4,4,,,,,,4,5,4,3,5,2,6,6,3,2,1,1,5,complete,,,Complete,social_proof,lowtrust_socialproof,0,0,
2026-05-24 05:50:41,2026-05-24 05:55:26,0,100,284,1,2026-05-24 05:55:26,R_8iyt1qJ4Zt5SmrX,anonymous,EN,1,1,4,4,1,1,3,2,1,4,7,,,,,,4,2,1,1,1,3,2,6,complete,,,Complete,scarcity,hightrust_scarcity,0,0,
2026-05-24 05:58:49,2026-05-24 06:00:45,0,100,115,1,2026-05-24 06:00:45,R_20SiIBM1xOxR8iO,anonymous,EN,1,1,7,7,7,7,3,3,3,3,7,,,,,,7,7,7,7,7,1,1,7,complete,,,Complete,scarcity,lowtrust_scarcity,2,0.6666666666666666,"QID10,QID16"
2026-05-24 05:10:23,2026-05-24 05:11:50,0,58,86,0,2026-05-24 06:11:53,R_2FkuiSSOACxCmc5,anonymous,EN,1,1,,,,,,,,,,,,,,,,,,,,,,,complete,,,,scarcity,lowtrust_scarcity,0,0,
2026-05-24 06:14:30,2026-05-24 06:17:08,0,100,158,1,2026-05-24 06:17:08,R_8LdR1F4Kbvapvon,anonymous,EN,0.8999999761581421,1,6,6,6,7,4,4,4,5,7,,,,,,7,3,5,6,5,1,2,7,complete,,,Complete,scarcity,hightrust_scarcity,0,0,
2026-05-24 06:15:19,2026-05-24 06:17:44,0,100,144,1,2026-05-24 06:17:44,R_8I9Hm8nrnTGlLnX,anonymous,EN,1,1,4,4,4,4,,,,,,4,4,4,4,7,2,1,1,2,1,5,2,6,complete,,,Complete,social_proof,lowtrust_socialproof,1,0.3333333333333333,QID10
2026-05-24 06:25:22,2026-05-24 06:27:35,0,100,132,1,2026-05-24 06:27:35,R_22JhN7YTI92lJG8,anonymous,EN,0.8999999761581421,1,6,6,5,4,,,,,,6,6,6,6,7,6,6,6,6,6,3,2,6,complete,,,Complete,social_proof,hightrust_socialproof,1,0.3333333333333333,QID16
2026-05-24 05:27:49,2026-05-24 05:28:40,0,63,50,0,2026-05-24 06:28:44,R_2cqeQf0DUUMrRFD,anonymous,EN,1,1,5,4,4,4,,,,,,,,,,,,,,,,,,,complete,,,,social_proof,hightrust_socialproof,0,0,
2026-05-24 06:27:34,2026-05-24 06:29:34,0,100,120,1,2026-05-24 06:29:35,R_2pzcoXBULBYaSad,anonymous,EN,1,1,1,1,1,1,1,1,1,1,7,,,,,,1,1,1,1,1,3,1,2,complete,,,Complete,scarcity,lowtrust_scarcity,2,0.6666666666666666,"QID10,QID16"
2026-05-24 06:26:28,2026-05-24 06:27:15,0,63,47,0,2026-05-24 07:27:16,R_2oRrSsYYsNxdrnF,anonymous,EN,0.800000011920929,1,2,2,2,4,,,,,,,,,,,,,,,,,,,complete,,,,social_proof,hightrust_socialproof,0,0,
2026-05-24 06:29:44,2026-05-24 06:29:57,0,47,13,0,2026-05-24 07:30:02,R_8Q0H3Bgc0hFPWwL,anonymous,EN,0.800000011920929,1,,,,,,,,,,,,,,,,,,,,,,,complete,,,,scarcity,hightrust_scarcity,0,0,
2026-05-24 06:35:40,2026-05-24 06:38:49,0,63,188,0,2026-05-24 07:38:50,R_8laWzfK7fIhm7GT,anonymous,EN,0.800000011920929,1,4,3,4,3,,,,,,,,,,,,,,,,,,,complete,,,,social_proof,lowtrust_socialproof,0,0,
2026-05-24 07:57:01,2026-05-24 07:59:19,0,100,137,1,2026-05-24 07:59:19,R_2nOzR2ca0VtPwge,anonymous,EN,1,1,2,2,2,4,1,2,2,2,7,,,,,,2,2,2,3,2,4,2,3,complete,,,Complete,scarcity,lowtrust_scarcity,0,0,
2026-05-24 08:29:33,2026-05-24 08:33:04,0,100,211,1,2026-05-24 08:33:04,R_8mt5xAyR2hCPwu9,anonymous,EN,1,1,2,1,1,1,,,,,,5,4,4,5,7,3,1,2,3,2,1,1,5,complete,,,Complete,social_proof,lowtrust_socialproof,0,0,
2026-05-24 14:46:22,2026-05-24 14:48:35,0,100,132,1,2026-05-24 14:48:35,R_8OHnpsZ50bWFRO5,anonymous,EN,1,1,6,4,5,5,,,,,,7,7,7,7,7,6,5,5,2,2,2,1,6,complete,,,Complete,social_proof,hightrust_socialproof,1,0.3333333333333333,QID30
2026-05-24 14:46:02,2026-05-24 14:47:27,0,58,85,0,2026-05-24 15:47:30,R_2ZTKpoSsQFRnW0N,anonymous,EN,1,1,,,,,,,,,,,,,,,,,,,,,,,complete,,,,scarcity,hightrust_scarcity,0,0,
2026-05-25 03:34:08,2026-05-25 03:35:41,0,100,92,1,2026-05-25 03:35:41,R_8k1dA4fFY7VKxrz,anonymous,EN,0.8999999761581421,1,7,6,7,7,7,7,7,7,7,,,,,,2,1,2,2,2,1,2,6,complete,,,Complete,scarcity,hightrust_scarcity,1,0.3333333333333333,QID11
2026-05-25 03:47:22,2026-05-25 03:49:31,0,100,129,1,2026-05-25 03:49:32,R_8WVAqVX7VKzXH6p,anonymous,EN,1,1,4,4,4,4,,,,,,5,5,5,6,7,5,5,5,5,5,1,1,6,complete,,,Complete,social_proof,hightrust_socialproof,2,0.6666666666666666,"QID10,QID16"
2026-05-25 04:17:11,2026-05-25 04:22:07,0,100,296,1,2026-05-25 04:22:08,R_2YA41mFYXh2CqQE,anonymous,EN,0.8999999761581421,1,7,7,7,7,,,,,,7,7,7,7,7,7,7,7,7,7,1,2,6,complete,,,Complete,social_proof,lowtrust_socialproof,3,1,"QID10,QID16,QID30"
2026-05-25 05:49:39,2026-05-25 05:50:20,0,100,41,1,2026-05-25 05:50:20,R_8axKLccS0jvyoSu,anonymous,EN,1,1,4,3,5,4,5,5,5,5,7,,,,,,5,4,4,4,4,1,1,5,complete,,,Complete,scarcity,lowtrust_scarcity,0,0,
2026-05-25 06:45:19,2026-05-25 06:49:49,0,100,270,1,2026-05-25 06:49:49,R_2ps4srnomEuZZLb,anonymous,EN,1,1,5,4,5,6,5,5,5,5,7,,,,,,5,5,4,2,4,1,1,7,complete,,,Complete,scarcity,hightrust_scarcity,0,0,
2026-05-25 08:40:10,2026-05-25 08:47:01,0,100,410,1,2026-05-25 08:47:01,R_24cvFyfUuOy3myK,anonymous,EN,1,1,3,4,4,3,2,1,2,2,1,,,,,,2,2,2,2,2,3,2,3,complete,,,Complete,scarcity,lowtrust_scarcity,1,0.3333333333333333,QID16
2026-05-25 09:17:17,2026-05-25 09:19:29,0,100,131,1,2026-05-25 09:19:30,R_8fNv1fijDsmsfGV,anonymous,EN,1,1,6,6,6,6,,,,,,6,6,6,6,7,6,6,6,6,7,1,2,5,complete,,,Complete,social_proof,hightrust_socialproof,1,0.3333333333333333,QID10
2026-05-25 12:53:07,2026-05-25 12:54:57,0,100,109,1,2026-05-25 12:54:57,R_8pJT2xHqxRx2vB9,anonymous,EN,1,1,4,4,5,4,4,4,5,5,7,,,,,,2,2,3,3,2,1,2,6,complete,,,Complete,scarcity,lowtrust_scarcity,0,0,
2026-05-25 12:47:38,2026-05-25 12:48:48,0,58,70,0,2026-05-25 13:48:52,R_8qfyaxiLylkriMV,anonymous,EN,0.800000011920929,1,,,,,,,,,,,,,,,,,,,,,,,complete,,,,social_proof,lowtrust_socialproof,0,0,
2026-05-25 14:20:51,2026-05-25 14:24:56,0,100,245,1,2026-05-25 14:24:57,R_2WMwXK5SVS49bkl,anonymous,EN,1,1,6,6,6,6,,,,,,6,6,6,6,7,5,5,6,5,5,1,2,2,complete,,,Complete,social_proof,hightrust_socialproof,1,0.3333333333333333,QID10
2026-05-25 15:25:07,2026-05-25 15:29:09,0,100,242,1,2026-05-25 15:29:09,R_8R1UXKsNzZdFsYb,anonymous,EN,1,1,4,4,5,4,,,,,,4,6,6,4,7,4,4,4,4,4,1,2,5,complete,,,Complete,social_proof,lowtrust_socialproof,1,0.3333333333333333,QID16
2026-05-25 22:38:38,2026-05-25 22:43:08,0,100,269,1,2026-05-25 22:43:08,R_87wmOxSun9X9nBT,anonymous,EN,1,1,4,4,4,4,4,4,4,4,7,,,,,,1,1,1,1,1,4,1,6,complete,,,Complete,scarcity,hightrust_scarcity,2,0.6666666666666666,"QID10,QID16"
2026-05-26 03:25:59,2026-05-26 03:27:21,0,100,82,1,2026-05-26 03:27:22,R_2mPCzhwq8sPBQKz,anonymous,EN,1,1,5,5,5,5,3,3,3,3,7,,,,,,4,2,2,3,2,1,2,6,complete,,,Complete,scarcity,hightrust_scarcity,1,0.3333333333333333,QID10
2026-05-26 03:48:33,2026-05-26 03:49:57,0,100,84,1,2026-05-26 03:49:58,R_8dsWdKOFGPkazS3,anonymous,EN,1,1,7,5,7,7,,,,,,7,7,7,7,7,7,6,6,7,7,1,2,5,complete,,,Complete,social_proof,lowtrust_socialproof,1,0.3333333333333333,QID30
2026-05-26 04:05:21,2026-05-26 04:05:51,0,42,30,0,2026-05-26 05:05:56,R_8U2HOuWw8mjuG1H,anonymous,EN,1,1,,,,,,,,,,,,,,,,,,,,,,,complete,,,,social_proof,hightrust_socialproof,0,0,
2026-05-26 05:53:12,2026-05-26 05:56:38,0,100,205,1,2026-05-26 05:56:38,R_2nT3WHSFPiH9Dq4,anonymous,EN,1,1,2,2,3,3,3,3,3,3,7,,,,,,1,1,1,1,1,1,1,6,complete,,,Complete,scarcity,lowtrust_scarcity,1,0.3333333333333333,QID16
2026-05-26 06:06:13,2026-05-26 06:10:26,0,100,253,1,2026-05-26 06:10:27,R_8QWXqLgItj2xwwZ,anonymous,EN,1,1,5,3,5,5,,,,,,5,5,5,5,7,4,4,4,4,4,1,1,5,complete,,,Complete,social_proof,lowtrust_socialproof,1,0.3333333333333333,QID16
2026-05-26 08:54:23,2026-05-26 08:56:25,0,100,122,1,2026-05-26 08:56:26,R_2gckPWmgQ4l23iI,anonymous,EN,1,1,5,6,6,6,,,,,,6,6,6,6,7,5,5,5,6,6,1,2,4,complete,,,Complete,social_proof,hightrust_socialproof,0,0,
2026-05-26 09:25:08,2026-05-26 09:29:04,0,100,235,1,2026-05-26 09:29:04,R_8HbIUO1ekl2905g,anonymous,EN,0.800000011920929,1,2,2,2,2,1,1,1,1,7,,,,,,3,3,2,3,1,1,2,7,complete,,,Complete,scarcity,lowtrust_scarcity,1,0.3333333333333333,QID10
2026-05-26 08:44:19,2026-05-26 08:44:44,0,58,24,0,2026-05-26 09:44:45,R_2noaclHW2aeNPd7,anonymous,EN,0.8999999761581421,1,,,,,,,,,,,,,,,,,,,,,,,complete,,,,scarcity,hightrust_scarcity,0,0,
2026-05-26 09:51:58,2026-05-26 09:54:12,0,100,134,1,2026-05-26 09:54:13,R_8qpXuY4WHKXaL5I,qr,EN,0.8999999761581421,1,4,4,4,4,4,4,4,4,4,,,,,,6,1,5,7,4,4,1,7,complete,,,Complete,scarcity,hightrust_scarcity,2,0.6666666666666666,"QID10,QID11"
2026-05-26 10:12:07,2026-05-26 10:14:02,0,100,115,1,2026-05-26 10:14:03,R_2hLLgI7GLgW9kIQ,anonymous,EN,0.8999999761581421,1,3,3,3,5,2,2,2,2,7,,,,,,1,2,2,2,2,5,2,5,complete,,,Complete,scarcity,lowtrust_scarcity,0,0,
2026-05-26 10:21:10,2026-05-26 10:24:51,0,100,221,1,2026-05-26 10:24:52,R_2rO9FEqnYGXYqQj,qr,EN,1,1,5,4,4,4,,,,,,5,5,3,3,7,5,3,4,3,5,3,1,6,complete,,,Complete,social_proof,lowtrust_socialproof,0,0,
2026-05-26 10:31:55,2026-05-26 10:34:17,0,100,141,1,2026-05-26 10:34:17,R_82XQRytfy5kkDG0,qr,EN,0.8999999761581421,1,5,1,4,6,,,,,,3,3,5,5,7,2,1,1,1,1,4,2,3,complete,,,Complete,social_proof,hightrust_socialproof,0,0,
2026-05-26 10:31:52,2026-05-26 10:34:54,0,100,181,1,2026-05-26 10:34:54,R_80SZHe41CzRJJZW,qr,EN,1,1,4,4,4,4,2,3,2,2,7,,,,,,3,3,2,2,4,5,2,4,complete,,,Complete,scarcity,hightrust_scarcity,1,0.3333333333333333,QID10
2026-05-26 10:30:43,2026-05-26 10:35:46,0,100,303,1,2026-05-26 10:35:46,R_8MS8e3fKQHuavEy,qr,EN,1,1,2,2,3,4,1,1,4,1,7,,,,,,3,4,2,5,4,2,1,7,complete,,,Complete,scarcity,lowtrust_scarcity,0,0,
2026-05-26 10:32:43,2026-05-26 10:35:50,0,100,186,1,2026-05-26 10:35:51,R_8Hk4QYPJFaJ2OmO,qr,EN,1,1,6,7,7,7,,,,,,7,7,6,5,7,4,4,3,4,4,1,1,1,complete,,,Complete,social_proof,lowtrust_socialproof,0,0,
2026-05-26 11:08:39,2026-05-26 11:12:04,0,100,205,1,2026-05-26 11:12:05,R_8RuTQu6CitczJXb,qr,EN,0.800000011920929,1,4,4,5,5,,,,,,4,3,4,4,4,4,3,4,3,4,4,1,4,complete,,,Complete,social_proof,lowtrust_socialproof,0,0,
2026-05-26 10:17:54,2026-05-26 10:19:12,0,63,77,0,2026-05-26 11:19:15,R_2luhOVhSv4qZpWd,qr,EN,1,1,5,5,4,4,,,,,,,,,,,,,,,,,,,complete,,,,social_proof,hightrust_socialproof,0,0,
2026-05-26 11:56:10,2026-05-26 11:58:49,0,100,159,1,2026-05-26 11:58:49,R_2HCuKT6Nbs66EsC,anonymous,EN,1,1,5,3,5,5,2,4,3,4,7,,,,,,3,5,6,5,5,1,2,4,complete,,,Complete,scarcity,lowtrust_scarcity,0,0,
2026-05-26 12:05:05,2026-05-26 12:11:27,0,100,381,1,2026-05-26 12:11:27,R_2U1SvrLwwnRV3sl,anonymous,EN,0.800000011920929,1,5,4,5,6,5,5,4,6,7,,,,,,5,5,4,6,5,2,1,5,complete,,,Complete,scarcity,hightrust_scarcity,0,0,
2026-05-26 11:14:03,2026-05-26 11:14:40,0,58,36,0,2026-05-26 12:14:42,R_8o7OLE1WBOlssJH,anonymous,EN,0.8999999761581421,1,,,,,,,,,,,,,,,,,,,,,,,complete,,,,social_proof,hightrust_socialproof,0,0,
2026-05-26 12:20:22,2026-05-26 12:23:22,0,100,179,1,2026-05-26 12:23:23,R_2DtZazdfGozlQic,anonymous,EN,1,1,6,4,5,6,1,1,2,2,7,,,,,,6,5,5,3,3,1,2,7,complete,,,Complete,scarcity,hightrust_scarcity,0,0,
2026-05-26 12:13:58,2026-05-26 12:14:12,0,58,14,0,2026-05-26 13:14:13,R_22bw9D9QdqVvh8t,anonymous,EN,1,1,,,,,,,,,,,,,,,,,,,,,,,complete,,,,social_proof,lowtrust_socialproof,0,0,
2026-05-26 13:17:24,2026-05-26 13:24:38,0,100,433,1,2026-05-26 13:24:38,R_27kaxyoj4RPvNZK,qr,EN,1,1,6,4,5,6,,,,,,5,6,5,5,7,3,1,3,4,3,4,1,6,complete,,,Complete,social_proof,hightrust_socialproof,0,0,
2026-05-26 13:32:26,2026-05-26 13:34:23,0,100,117,1,2026-05-26 13:34:23,R_8Xn6sHXStoUKnjU,anonymous,EN,0.8999999761581421,1,4,3,5,4,4,4,5,5,7,,,,,,2,2,2,2,2,1,2,2,complete,,,Complete,scarcity,lowtrust_scarcity,1,0.3333333333333333,QID16
2026-05-26 13:05:28,2026-05-26 13:06:17,0,58,49,0,2026-05-26 14:06:19,R_2O77W3FXKSVJGiB,anonymous,EN,1,1,,,,,,,,,,,,,,,,,,,,,,,complete,,,,scarcity,lowtrust_scarcity,0,0,
2026-05-26 16:24:07,2026-05-26 16:25:48,0,100,101,1,2026-05-26 16:25:49,R_8X6u0l22BpwC31a,anonymous,EN,1,1,4,5,4,4,,,,,,4,4,4,4,5,4,5,4,3,4,2,1,5,complete,,,Complete,social_proof,hightrust_socialproof,0,0,
2026-05-26 18:17:09,2026-05-26 18:21:32,0,100,262,1,2026-05-26 18:21:32,R_4g0aXyzYNHewbDP,anonymous,EN,0.800000011920929,1,6,6,6,6,5,5,5,4,7,,,,,,6,6,6,6,6,5,2,5,complete,,,Complete,scarcity,hightrust_scarcity,2,0.6666666666666666,"QID10,QID16"
2026-05-26 23:30:13,2026-05-26 23:36:14,0,100,361,1,2026-05-26 23:36:14,R_8kzCaLE0vZK5xdc,anonymous,EN,0.699999988079071,1,5,1,2,2,,,,,,4,4,4,4,7,3,2,1,3,2,5,4,6,complete,,,Complete,social_proof,lowtrust_socialproof,0,0,
2026-05-26 23:41:45,2026-05-26 23:43:27,0,100,101,1,2026-05-26 23:43:28,R_2WS3mIAsuymHUL7,anonymous,EN,0.699999988079071,1,6,6,6,6,,,,,,4,6,5,5,7,3,3,3,3,3,2,1,6,complete,,,Complete,social_proof,lowtrust_socialproof,2,0.6666666666666666,"QID10,QID16"
2026-05-26 23:52:58,2026-05-26 23:54:29,0,100,90,1,2026-05-26 23:54:30,R_2ztD6sCPv0QQftG,anonymous,EN,0.699999988079071,1,6,5,6,6,,,,,,5,5,5,5,5,4,4,4,4,3,4,2,4,complete,,,Complete,social_proof,hightrust_socialproof,1,0.3333333333333333,QID30
2026-05-26 23:52:09,2026-05-26 23:55:26,0,100,196,1,2026-05-26 23:55:26,R_22nHlRxfLqjKrHh,anonymous,EN,0.800000011920929,1,4,4,4,4,2,2,2,2,7,,,,,,4,4,4,4,4,4,2,5,complete,,,Complete,scarcity,hightrust_scarcity,2,0.6666666666666666,"QID10,QID16"
2026-05-27 00:21:03,2026-05-27 00:25:06,0,100,243,1,2026-05-27 00:25:06,R_2oEUmrsctyovYOQ,anonymous,EN,0.699999988079071,1,3,2,4,4,2,3,4,4,7,,,,,,4,3,6,3,3,2,1,5,complete,,,Complete,scarcity,lowtrust_scarcity,0,0,
2026-05-27 00:31:09,2026-05-27 00:34:56,0,100,226,1,2026-05-27 00:34:57,R_8feN2xLbFyiPr81,anonymous,EN,1,1,4,4,4,4,7,7,7,7,7,,,,,,4,3,2,2,2,5,2,5,complete,,,Complete,scarcity,hightrust_scarcity,2,0.6666666666666666,"QID10,QID11"
2026-05-27 00:31:16,2026-05-27 00:32:11,0,58,55,0,2026-05-27 01:32:18,R_2dnxGMcXOtzpQ07,anonymous,EN,1,1,,,,,,,,,,,,,,,,,,,,,,,complete,,,,scarcity,lowtrust_scarcity,0,0,
2026-05-27 01:35:55,2026-05-27 01:39:51,0,100,235,1,2026-05-27 01:39:51,R_2wBnXT70VRlTKTz,anonymous,EN,0.800000011920929,1,6,4,4,6,,,,,,4,4,2,2,7,2,1,1,4,2,3,1,5,complete,,,Complete,social_proof,lowtrust_socialproof,0,0,
2026-05-27 01:47:57,2026-05-27 01:49:40,0,100,103,1,2026-05-27 01:49:40,R_8SpZ2HsIsXTuuNr,anonymous,EN,0.800000011920929,1,5,5,5,5,,,,,,6,6,6,6,7,4,4,4,4,2,1,1,5,complete,,,Complete,social_proof,hightrust_socialproof,1,0.3333333333333333,QID10
2026-05-27 02:08:46,2026-05-27 02:10:24,0,100,98,1,2026-05-27 02:10:24,R_2koz8zJF6vFCBy4,anonymous,EN,0.800000011920929,1,3,1,4,2,2,2,4,3,7,,,,,,2,1,1,1,1,2,1,5,complete,,,Complete,scarcity,lowtrust_scarcity,0,0,
2026-05-27 02:03:21,2026-05-27 02:12:49,0,100,567,1,2026-05-27 02:12:50,R_8HGiPm9rSEuoERW,anonymous,EN,1,1,5,4,4,6,,,,,,5,5,3,4,7,4,5,4,4,3,4,1,7,complete,,,Complete,social_proof,hightrust_socialproof,0,0,
2026-05-27 03:07:05,2026-05-27 03:13:38,0,100,392,1,2026-05-27 03:13:39,R_8q1wt2efM3xJ6s7,anonymous,EN,1,1,6,5,4,4,5,7,6,4,7,,,,,,6,5,4,5,5,2,2,3,complete,,,Complete,scarcity,hightrust_scarcity,0,0,
2026-05-27 03:21:54,2026-05-27 03:26:31,0,100,277,1,2026-05-27 03:26:32,R_8NNsOq2tayTVPXj,anonymous,EN,0.800000011920929,1,6,6,6,6,,,,,,4,4,4,4,7,4,5,4,4,6,2,1,5,complete,,,Complete,social_proof,lowtrust_socialproof,1,0.3333333333333333,QID10
2026-05-27 04:20:51,2026-05-27 04:25:14,0,100,262,1,2026-05-27 04:25:15,R_2HAKNpZxXDmOZZV,anonymous,EN,0.800000011920929,1,5,3,4,5,1,1,1,1,7,,,,,,4,4,2,1,1,3,1,5,complete,,,Complete,scarcity,lowtrust_scarcity,0,0,
2026-05-27 04:25:04,2026-05-27 04:28:25,0,100,200,1,2026-05-27 04:28:25,R_2FKT7oYZpQyBVri,anonymous,EN,1,1,4,4,4,4,,,,,,4,4,4,4,4,3,4,4,4,4,4,2,1,complete,,,Complete,social_proof,hightrust_socialproof,2,0.6666666666666666,"QID10,QID30"
2026-05-27 04:43:28,2026-05-27 04:45:02,0,100,94,1,2026-05-27 04:45:03,R_8pR46JSH6vqsp6N,anonymous,EN,0.800000011920929,1,5,5,5,5,,,,,,6,5,6,6,7,4,2,3,2,4,1,2,7,complete,,,Complete,social_proof,lowtrust_socialproof,1,0.3333333333333333,QID10
2026-05-27 04:47:22,2026-05-27 04:49:13,0,100,111,1,2026-05-27 04:49:13,R_8rGrbxQh610oWUn,anonymous,EN,1,1,6,5,4,4,1,1,1,1,7,,,,,,3,3,2,2,2,1,2,7,complete,,,Complete,scarcity,hightrust_scarcity,0,0,
2026-05-27 05:02:40,2026-05-27 05:06:00,0,100,200,1,2026-05-27 05:06:01,R_2hPny6W8jCPjXcB,anonymous,EN,0.699999988079071,1,2,2,4,4,,,,,,1,1,1,1,7,2,2,2,2,2,4,2,6,complete,,,Complete,social_proof,lowtrust_socialproof,1,0.3333333333333333,QID16
2026-05-27 05:06:47,2026-05-27 05:09:13,0,100,146,1,2026-05-27 05:09:14,R_8OK7jGQAKrnLnXi,anonymous,EN,0.8999999761581421,1,4,4,4,4,,,,,,3,4,4,4,7,4,4,4,4,4,3,1,7,complete,,,Complete,social_proof,hightrust_socialproof,2,0.6666666666666666,"QID10,QID16"
2026-05-27 05:28:42,2026-05-27 05:31:05,0,100,142,1,2026-05-27 05:31:06,R_8waCcXJRmZaiu2h,anonymous,EN,1,1,4,4,5,6,1,1,1,1,7,,,,,,5,5,4,3,4,1,1,2,complete,,,Complete,scarcity,hightrust_scarcity,0,0,
2026-05-27 06:21:59,2026-05-27 06:28:17,0,100,377,1,2026-05-27 06:28:17,R_2PsFXgVzY98YtiG,anonymous,EN,1,1,2,3,2,3,,,,,,4,6,4,5,7,2,1,1,2,1,1,2,4,complete,,,Complete,social_proof,lowtrust_socialproof,0,0,
2026-05-27 06:37:26,2026-05-27 06:39:59,0,100,153,1,2026-05-27 06:40:00,R_2f2C1PIAPP5iW0H,qr,EN,1,1,3,3,3,4,7,6,2,4,7,,,,,,3,4,3,2,3,2,1,4,complete,,,Complete,scarcity,lowtrust_scarcity,0,0,
2026-05-27 06:39:15,2026-05-27 06:42:36,0,100,201,1,2026-05-27 06:42:37,R_8EYHpfZWg07IVvF,qr,EN,1,1,4,5,5,5,6,2,1,1,7,,,,,,4,4,4,4,4,2,1,7,complete,,,Complete,scarcity,hightrust_scarcity,1,0.3333333333333333,QID16
2026-05-27 06:37:03,2026-05-27 06:47:35,0,100,631,1,2026-05-27 06:47:35,R_8wme24JVrLylYMF,qr,EN,0.800000011920929,1,5,5,4,5,,,,,,3,2,3,3,7,4,4,4,5,3,1,1,2,complete,,,Complete,social_proof,hightrust_socialproof,0,0,
2026-05-27 06:53:08,2026-05-27 07:00:29,0,100,440,1,2026-05-27 07:00:30,R_82smmo36T4Vb7Vs,anonymous,EN,0.800000011920929,1,5,4,3,3,,,,,,5,6,3,3,7,4,5,5,4,5,4,2,5,complete,,,Complete,social_proof,hightrust_socialproof,0,0,
2026-05-27 06:03:03,2026-05-27 06:05:27,0,58,144,0,2026-05-27 07:05:30,R_2VmV0HuXgsis90J,anonymous,EN,1,1,,,,,,,,,,,,,,,,,,,,,,,complete,,,,scarcity,lowtrust_scarcity,0,0,
2026-05-27 06:18:41,2026-05-27 06:18:51,0,5,10,0,2026-05-27 07:18:55,R_2r2lSHsGFpsQnLB,anonymous,EN,0.699999988079071,1,,,,,,,,,,,,,,,,,,,,,,,complete,,,,,,0,0,
2026-05-27 07:19:02,2026-05-27 07:20:00,0,100,57,1,2026-05-27 07:20:00,R_2DOyMWHil6gwm2h,anonymous,EN,1,1,1,1,1,4,,,,,,1,2,2,3,4,4,3,2,1,7,4,3,7,complete,,,Complete,social_proof,lowtrust_socialproof,0,0,
2026-05-27 07:22:19,2026-05-27 07:29:33,0,100,434,1,2026-05-27 07:29:34,R_8geIKN6D2xiHSmS,anonymous,EN,1,1,4,4,4,3,1,1,5,1,7,,,,,,1,1,1,1,1,1,2,2,complete,,,Complete,scarcity,lowtrust_scarcity,1,0.3333333333333333,QID16
2026-05-27 06:41:04,2026-05-27 06:41:30,0,58,26,0,2026-05-27 07:41:36,R_8DUv2K1Dmkv5PRg,qr,EN,1,1,,,,,,,,,,,,,,,,,,,,,,,complete,,,,scarcity,lowtrust_scarcity,0,0,
2026-05-27 06:41:07,2026-05-27 06:42:01,0,47,54,0,2026-05-27 07:42:07,R_2W7jadAoEjZm9zP,qr,EN,1,1,,,,,,,,,,,,,,,,,,,,,,,complete,,,,scarcity,hightrust_scarcity,0,0,
2026-05-27 06:40:49,2026-05-27 06:42:13,0,58,83,0,2026-05-27 07:42:18,R_2382VYBE1kKumop,qr,EN,,1,,,,,,,,,,,,,,,,,,,,,,,error,timeout,,,social_proof,lowtrust_socialproof,0,0,
2026-05-27 07:55:07,2026-05-27 07:55:46,0,58,39,0,2026-05-27 08:55:47,R_8LjRb6xOB2GaxZu,anonymous,EN,1,1,,,,,,,,,,,,,,,,,,,,,,,complete,,,,scarcity,hightrust_scarcity,0,0,
2026-05-27 09:43:55,2026-05-27 09:47:17,0,100,202,1,2026-05-27 09:47:18,R_2Ne3vKWWOZwvlWt,anonymous,EN,1,1,6,6,6,6,,,,,,6,7,6,6,7,6,6,5,6,6,1,2,7,complete,,,Complete,social_proof,hightrust_socialproof,1,0.3333333333333333,QID10
2026-05-27 10:30:47,2026-05-27 10:35:09,0,100,261,1,2026-05-27 10:35:10,R_5IlpKjcEeVZuZdT,anonymous,EN,1,1,6,4,6,4,,,,,,6,6,6,6,7,5,3,5,6,5,1,2,6,complete,,,Complete,social_proof,hightrust_socialproof,0,0,
2026-05-27 11:24:51,2026-05-27 11:34:52,0,100,600,1,2026-05-27 11:34:52,R_2R3lVWNgkffmjkr,qr,EN,1,1,4,4,4,5,,,,,,5,5,4,4,4,7,4,1,7,7,5,1,4,complete,,,Complete,social_proof,lowtrust_socialproof,0,0,
2026-05-27 13:06:11,2026-05-27 13:08:21,0,100,130,1,2026-05-27 13:08:22,R_1iX8Tk3sSPdteV4,anonymous,EN,0.5,1,4,4,4,5,3,3,2,4,7,,,,,,4,3,4,3,3,1,2,5,complete,,,Complete,scarcity,hightrust_scarcity,0,0,
2026-05-27 13:27:33,2026-05-27 13:29:22,0,100,109,1,2026-05-27 13:29:23,R_2TFt5iKJO2C5RiZ,anonymous,EN,0.8999999761581421,1,3,3,3,3,4,5,4,4,7,,,,,,2,1,2,2,2,1,1,7,complete,,,Complete,scarcity,lowtrust_scarcity,1,0.3333333333333333,QID10
2026-05-27 14:35:03,2026-05-27 14:42:39,0,100,455,1,2026-05-27 14:42:40,R_2C7TOIdZnJA3QWs,anonymous,EN,1,1,4,3,4,3,2,4,2,2,7,,,,,,4,3,4,3,3,2,1,5,complete,,,Complete,scarcity,hightrust_scarcity,0,0,
2026-05-27 15:01:40,2026-05-27 15:06:13,0,100,272,1,2026-05-27 15:06:13,R_2D7q1KEwsYBavaK,anonymous,EN,1,1,4,5,5,5,,,,,,6,5,5,5,7,3,3,2,2,3,4,1,7,complete,,,Complete,social_proof,lowtrust_socialproof,0,0,
2026-05-27 15:35:52,2026-05-27 15:39:11,0,100,198,1,2026-05-27 15:39:11,R_220IXSJZ09E7Npn,anonymous,EN,0.800000011920929,1,6,4,6,5,,,,,,6,5,6,5,7,6,5,5,5,6,1,2,5,complete,,,Complete,social_proof,hightrust_socialproof,0,0,
2026-05-27 23:24:27,2026-05-27 23:25:30,0,58,63,0,2026-05-28 00:25:35,R_27WhYgY6VNcp4Q0,anonymous,EN,0.699999988079071,1,,,,,,,,,,,,,,,,,,,,,,,complete,,,,scarcity,lowtrust_scarcity,0,0,
2026-05-28 02:48:26,2026-05-28 02:51:14,0,100,167,1,2026-05-28 02:51:14,R_2DsHabQoyKjjbJD,anonymous,EN,0.8999999761581421,1,2,2,2,2,2,2,2,2,7,,,,,,2,2,4,6,6,4,2,5,complete,,,Complete,scarcity,lowtrust_scarcity,1,0.3333333333333333,QID10
2026-05-28 06:50:55,2026-05-28 06:53:47,0,100,171,1,2026-05-28 06:53:47,R_2U6rWT1BkQEDvfE,qr,EN,1,1,4,3,3,3,,,,,,4,3,4,3,7,5,5,6,5,5,3,4,6,complete,,,Complete,social_proof,hightrust_socialproof,0,0,
2026-05-28 06:54:14,2026-05-28 06:59:00,0,100,286,1,2026-05-28 06:59:01,R_2friHrU2wngZBkZ,qr,EN,1,1,3,3,3,3,1,1,1,1,1,,,,,,1,1,1,1,1,5,2,4,complete,,,Complete,scarcity,hightrust_scarcity,3,1,"QID10,QID11,QID16"
2026-05-28 08:30:55,2026-05-28 08:32:46,0,100,110,1,2026-05-28 08:32:46,R_846JTHCKCtkJh71,anonymous,EN,0.8999999761581421,1,6,5,6,6,,,,,,6,6,6,6,7,6,2,4,4,4,1,2,4,complete,,,Complete,social_proof,hightrust_socialproof,0,0,
2026-05-28 08:30:38,2026-05-28 08:33:13,0,100,155,1,2026-05-28 08:33:13,R_8qptpwC7y7Ab7N8,anonymous,EN,0.8999999761581421,1,3,3,3,3,2,2,2,2,7,,,,,,2,2,2,2,2,5,1,6,complete,,,Complete,scarcity,lowtrust_scarcity,2,0.6666666666666666,"QID10,QID16"
2026-05-28 08:35:53,2026-05-28 08:39:16,0,100,202,1,2026-05-28 08:39:16,R_2YXSSb3TyVjkk48,anonymous,EN,0.800000011920929,1,6,6,5,6,,,,,,6,6,5,6,7,6,5,5,5,5,1,2,4,complete,,,Complete,social_proof,lowtrust_socialproof,0,0,
2026-05-28 08:40:42,2026-05-28 08:44:41,0,100,239,1,2026-05-28 08:44:41,R_2ThcqOjF5ts6RJD,anonymous,EN,0.8999999761581421,1,6,4,5,6,4,5,4,5,7,,,,,,5,2,2,4,4,1,2,7,complete,,,Complete,scarcity,hightrust_scarcity,0,0,
2026-05-28 08:46:32,2026-05-28 08:48:21,0,100,108,1,2026-05-28 08:48:21,R_2QQX4g5nUFod0xr,anonymous,EN,1,1,2,1,3,1,,,,,,2,3,5,5,7,2,2,1,2,1,1,2,7,complete,,,Complete,social_proof,lowtrust_socialproof,0,0,
2026-05-28 07:56:18,2026-05-28 07:57:03,0,58,44,0,2026-05-28 08:57:04,R_2n9xTUoqAKFTr4l,qr,EN,0.800000011920929,1,,,,,,,,,,,,,,,,,,,,,,,complete,,,,social_proof,lowtrust_socialproof,0,0,
2026-05-28 08:11:58,2026-05-28 08:12:10,0,58,12,0,2026-05-28 09:12:14,R_83yiFD4Z1MMU26l,anonymous,EN,1,1,,,,,,,,,,,,,,,,,,,,,,,complete,,,,scarcity,hightrust_scarcity,0,0,
2026-05-28 09:14:02,2026-05-28 09:17:28,0,100,206,1,2026-05-28 09:17:29,R_2ro98CtoABYoTgf,anonymous,EN,1,1,3,2,2,3,3,3,2,2,7,,,,,,3,5,6,6,6,2,1,3,complete,,,Complete,scarcity,lowtrust_scarcity,0,0,
2026-05-28 09:15:22,2026-05-28 09:19:00,0,100,218,1,2026-05-28 09:19:01,R_2eh4qEaqdVEUgnD,anonymous,EN,1,1,6,6,7,5,,,,,,4,5,5,6,7,6,6,5,6,6,1,2,5,complete,,,Complete,social_proof,hightrust_socialproof,0,0,
2026-05-28 09:16:54,2026-05-28 09:20:51,0,100,236,1,2026-05-28 09:20:51,R_82RzGD39A2ztQ1p,anonymous,EN,0.800000011920929,1,3,3,4,5,2,3,3,4,7,,,,,,5,3,2,4,4,1,2,5,complete,,,Complete,scarcity,hightrust_scarcity,0,0,
2026-05-28 09:21:11,2026-05-28 09:22:41,0,100,89,1,2026-05-28 09:22:41,R_8LhZA80eJWOzkGd,anonymous,EN,0.8999999761581421,1,3,3,4,4,,,,,,6,5,5,5,7,5,4,4,4,5,1,2,7,complete,,,Complete,social_proof,hightrust_socialproof,0,0,
2026-05-28 09:31:47,2026-05-28 09:33:15,0,100,88,1,2026-05-28 09:33:16,R_87jvmnKwA4Ay7nP,anonymous,EN,0.8999999761581421,1,5,5,3,5,5,5,6,6,7,,,,,,4,3,3,4,5,1,2,5,complete,,,Complete,scarcity,lowtrust_scarcity,0,0,
2026-05-28 09:30:44,2026-05-28 09:36:24,0,100,340,1,2026-05-28 09:36:25,R_2PdmJwn1Cw0lMTR,anonymous,EN,0.8999999761581421,1,5,5,5,4,,,,,,4,4,4,4,7,3,3,3,3,4,2,1,6,complete,,,Complete,social_proof,lowtrust_socialproof,0,0,
2026-05-28 09:43:54,2026-05-28 09:46:11,0,100,137,1,2026-05-28 09:46:11,R_8r5ZZQy5ITx2peF,anonymous,EN,0.8999999761581421,1,5,4,5,6,,,,,,5,6,6,5,7,3,3,3,3,3,1,2,5,complete,,,Complete,social_proof,hightrust_socialproof,1,0.3333333333333333,QID16
2026-05-28 09:48:30,2026-05-28 09:50:03,0,100,92,1,2026-05-28 09:50:03,R_2D0aKwVGOnZpFXh,anonymous,EN,0.8999999761581421,1,5,5,5,5,4,5,4,5,4,,,,,,5,5,5,5,5,1,2,7,complete,,,Complete,scarcity,hightrust_scarcity,2,0.6666666666666666,"QID10,QID16"
2026-05-28 09:48:57,2026-05-28 09:51:31,0,100,154,1,2026-05-28 09:51:32,R_8eDxjv7kXfbI5Ph,anonymous,EN,0.800000011920929,1,5,4,5,5,,,,,,2,2,2,2,7,4,3,3,3,3,1,2,4,complete,,,Complete,social_proof,lowtrust_socialproof,0,0,
2026-05-28 09:54:05,2026-05-28 09:56:20,0,100,135,1,2026-05-28 09:56:21,R_20qiWLNhzbi9EfN,anonymous,EN,0.8999999761581421,1,5,4,5,5,3,2,3,3,7,,,,,,5,5,4,4,5,1,2,7,complete,,,Complete,scarcity,lowtrust_scarcity,0,0,
2026-05-28 10:13:44,2026-05-28 10:16:58,0,100,193,1,2026-05-28 10:16:58,R_21Km3FmV2L6FtK0,anonymous,EN,1,1,5,6,5,6,3,4,3,3,7,,,,,,5,3,4,4,5,1,2,4,complete,,,Complete,scarcity,lowtrust_scarcity,0,0,
2026-05-28 10:55:10,2026-05-28 10:57:11,0,100,120,1,2026-05-28 10:57:12,R_8lmXe8dVrvzDQab,anonymous,EN,0.8999999761581421,1,5,4,4,5,4,5,5,4,7,,,,,,5,4,4,4,4,1,2,7,complete,,,Complete,scarcity,hightrust_scarcity,0,0,
2026-05-28 10:12:26,2026-05-28 10:13:32,0,63,66,0,2026-05-28 11:13:36,R_2tAuWyw4s8RAg7q,anonymous,EN,0.8999999761581421,1,4,4,4,4,,,,,,,,,,,,,,,,,,,complete,,,,social_proof,hightrust_socialproof,1,1,QID10
2026-05-28 10:14:49,2026-05-28 10:15:27,0,58,37,0,2026-05-28 11:15:33,R_25GX1JXG4kXb3gl,anonymous,EN,0.5,1,,,,,,,,,,,,,,,,,,,,,,,complete,,,,social_proof,lowtrust_socialproof,0,0,
2026-05-28 11:30:40,2026-05-28 11:33:28,0,100,168,1,2026-05-28 11:33:28,R_8zLOljHpqvBgPwi,anonymous,EN,0.8999999761581421,1,6,4,5,5,3,2,2,2,7,,,,,,5,4,4,5,5,1,2,7,complete,,,Complete,scarcity,hightrust_scarcity,0,0,
2026-05-28 11:31:04,2026-05-28 11:34:45,0,100,220,1,2026-05-28 11:34:45,R_8hEeDCxZkJMPp5w,anonymous,EN,0.8999999761581421,1,3,4,3,3,1,5,1,2,7,,,,,,2,2,1,3,1,1,2,3,complete,,,Complete,scarcity,lowtrust_scarcity,0,0,
2026-05-28 12:23:04,2026-05-28 12:25:59,0,100,174,1,2026-05-28 12:25:59,R_8EtxHk3RVknwMJ7,anonymous,EN,0.800000011920929,1,6,6,6,6,,,,,,6,6,5,5,7,6,5,5,5,5,4,2,5,complete,,,Complete,social_proof,lowtrust_socialproof,1,0.3333333333333333,QID10
2026-05-28 11:27:41,2026-05-28 11:29:20,0,58,98,0,2026-05-28 12:29:22,R_8azAAvfcnyMJceR,anonymous,EN,0.8999999761581421,1,,,,,,,,,,,,,,,,,,,,,,,complete,,,,social_proof,hightrust_socialproof,0,0,
2026-05-28 12:38:34,2026-05-28 12:41:33,0,100,179,1,2026-05-28 12:41:34,R_2zYEfUBNlkTPmpN,anonymous,EN,0.800000011920929,1,4,1,4,4,1,1,1,1,7,,,,,,1,1,1,1,1,5,1,6,complete,,,Complete,scarcity,hightrust_scarcity,1,0.3333333333333333,QID16
2026-05-28 13:28:04,2026-05-28 13:35:53,0,100,468,1,2026-05-28 13:35:53,R_81jofNpCV8vlT0h,anonymous,EN,1,1,3,3,3,3,2,2,2,2,7,,,,,,1,1,1,1,1,4,1,2,complete,,,Complete,scarcity,lowtrust_scarcity,2,0.6666666666666666,"QID10,QID16"
2026-05-28 13:28:13,2026-05-28 13:32:12,0,74,239,0,2026-05-28 14:32:18,R_294THwKe6xYKSNf,anonymous,EN,0.8999999761581421,1,4,4,4,4,,,,,,5,5,5,4,7,,,,,,,,,complete,,,,social_proof,lowtrust_socialproof,1,0.5,QID10
2026-05-28 13:32:51,2026-05-28 13:33:54,0,47,62,0,2026-05-28 14:33:55,R_8tsQLHMO3rqFLJT,anonymous,EN,1,1,,,,,,,,,,,,,,,,,,,,,,,complete,,,,social_proof,hightrust_socialproof,0,0,
2026-05-28 13:52:34,2026-05-28 13:52:47,0,58,13,0,2026-05-28 14:52:48,R_8NfV74ChgXo3Ele,anonymous,EN,0.800000011920929,1,,,,,,,,,,,,,,,,,,,,,,,complete,,,,social_proof,hightrust_socialproof,0,0,
2026-05-28 15:08:43,2026-05-28 15:09:58,0,100,75,1,2026-05-28 15:09:59,R_2TvqVO9BDavYn69,anonymous,EN,1,1,3,4,3,4,,,,,,4,4,4,4,4,4,4,4,4,4,1,2,2,complete,,,Complete,social_proof,lowtrust_socialproof,2,0.6666666666666666,"QID16,QID30"
2026-05-28 14:25:54,2026-05-28 14:28:01,0,58,127,0,2026-05-28 15:28:03,R_8JxCXsfUCpslEsy,anonymous,EN,0.5,1,,,,,,,,,,,,,,,,,,,,,,,complete,,,,scarcity,lowtrust_scarcity,0,0,
2026-05-28 14:49:11,2026-05-28 14:50:21,0,74,69,0,2026-05-28 15:50:25,R_8PXQcRfmVBp9kqd,anonymous,EN,0.800000011920929,1,4,3,4,5,1,3,2,4,7,,,,,,,,,,,,,,complete,,,,scarcity,hightrust_scarcity,0,0,
2026-05-28 23:21:47,2026-05-28 23:25:02,0,100,195,1,2026-05-28 23:25:02,R_8qJrBN9hmQy1SBE,anonymous,EN,1,1,5,4,5,5,3,3,1,2,7,,,,,,4,4,5,4,5,1,1,7,complete,,,Complete,scarcity,hightrust_scarcity,0,0,
2026-05-28 23:20:24,2026-05-28 23:21:14,0,58,49,0,2026-05-29 00:21:18,R_8FUTqpBraYyVSKS,anonymous,EN,0.800000011920929,1,,,,,,,,,,,,,,,,,,,,,,,complete,,,,social_proof,lowtrust_socialproof,0,0,
2026-05-29 02:23:11,2026-05-29 02:27:29,0,100,258,1,2026-05-29 02:27:30,R_8HccojE1doBksXy,anonymous,EN,1,1,6,4,6,6,,,,,,4,4,4,5,7,4,4,3,4,3,3,2,2,complete,,,Complete,social_proof,hightrust_socialproof,0,0,
2026-05-29 03:18:03,2026-05-29 03:22:17,0,100,253,1,2026-05-29 03:22:18,R_2K8gTrnREJKgAgV,anonymous,EN,0.800000011920929,1,5,4,5,4,4,4,5,4,7,,,,,,6,5,3,5,5,1,1,3,complete,,,Complete,scarcity,lowtrust_scarcity,0,0,
2026-05-29 03:20:43,2026-05-29 03:26:48,0,100,364,1,2026-05-29 03:26:49,R_8iJtwxyjJbZoKsi,anonymous,EN,0.800000011920929,1,4,4,4,4,3,3,3,2,4,,,,,,5,6,3,5,3,4,1,7,complete,,,Complete,scarcity,hightrust_scarcity,1,0.3333333333333333,QID10
2026-05-29 03:37:03,2026-05-29 03:40:14,0,100,190,1,2026-05-29 03:40:14,R_2mfVHigZJKJTSzk,anonymous,EN,0.800000011920929,1,6,6,4,5,,,,,,6,6,5,6,7,4,4,3,4,4,1,2,5,complete,,,Complete,social_proof,hightrust_socialproof,0,0,
2026-05-29 03:55:14,2026-05-29 04:02:53,0,100,458,1,2026-05-29 04:02:53,R_2rTs1i87vrCDnmg,anonymous,EN,1,1,5,3,6,5,1,2,2,5,7,,,,,,4,4,2,4,4,1,2,2,complete,,,Complete,scarcity,hightrust_scarcity,0,0,
2026-05-29 04:05:04,2026-05-29 04:07:10,0,100,126,1,2026-05-29 04:07:10,R_837crzHToSG1K2r,anonymous,EN,0.8999999761581421,1,4,4,4,4,2,2,2,2,7,,,,,,3,3,3,3,3,4,2,7,complete,,,Complete,scarcity,lowtrust_scarcity,2,0.6666666666666666,"QID10,QID16"
2026-05-29 03:30:13,2026-05-29 04:14:52,0,100,2679,1,2026-05-29 04:14:53,R_8nxCwiTZ6diI2Jl,anonymous,EN,1,1,3,4,3,3,4,4,3,4,7,,,,,,4,4,5,4,4,1,1,2,complete,,,Complete,scarcity,lowtrust_scarcity,0,0,
2026-05-29 03:34:21,2026-05-29 03:35:01,0,58,40,0,2026-05-29 04:35:05,R_8xLxuSNBmq4m9BD,anonymous,EN,0.8999999761581421,1,,,,,,,,,,,,,,,,,,,,,,,complete,,,,social_proof,lowtrust_socialproof,0,0,
2026-05-29 04:38:15,2026-05-29 04:41:53,0,100,217,1,2026-05-29 04:41:53,R_80IrMtFHsK5ho2J,anonymous,EN,1,1,5,4,6,5,,,,,,4,5,5,5,7,6,6,5,5,5,1,2,3,complete,,,Complete,social_proof,hightrust_socialproof,0,0,
2026-05-29 04:42:37,2026-05-29 04:43:56,0,100,78,1,2026-05-29 04:43:56,R_2hRvqcrCzsRBq5B,anonymous,EN,1,1,4,4,5,6,4,5,2,4,7,,,,,,5,3,6,5,5,1,2,6,complete,,,Complete,scarcity,hightrust_scarcity,0,0,
2026-05-29 04:42:30,2026-05-29 04:44:18,0,100,108,1,2026-05-29 04:44:19,R_8BrMoFCpKEgGIfp,qr,EN,1,1,6,4,4,5,,,,,,4,5,4,4,7,5,4,4,4,4,2,2,5,complete,,,Complete,social_proof,hightrust_socialproof,0,0,
2026-05-29 04:49:46,2026-05-29 04:51:32,0,100,106,1,2026-05-29 04:51:32,R_2fPOPY9h6qZbj2z,anonymous,EN,1,1,2,2,1,2,,,,,,2,3,2,2,7,3,3,2,2,2,1,2,4,complete,,,Complete,social_proof,lowtrust_socialproof,0,0,
2026-05-29 04:52:31,2026-05-29 04:53:51,0,100,80,1,2026-05-29 04:53:51,R_2738xriytIWsKVS,anonymous,EN,1,1,2,2,1,2,2,2,2,3,7,,,,,,1,1,3,2,1,1,2,5,complete,,,Complete,scarcity,lowtrust_scarcity,0,0,
2026-05-29 05:02:54,2026-05-29 05:05:37,0,100,163,1,2026-05-29 05:05:38,R_2plBulYEStoIV1q,anonymous,EN,1,1,7,4,6,7,,,,,,7,7,6,7,7,6,6,6,6,6,1,1,7,complete,,,Complete,social_proof,hightrust_socialproof,1,0.3333333333333333,QID16
2026-05-29 05:11:43,2026-05-29 05:14:28,0,100,164,1,2026-05-29 05:14:29,R_2FWlqvjsDg6usO4,anonymous,EN,1,1,6,4,6,6,,,,,,6,6,6,6,7,6,6,6,6,6,1,1,3,complete,,,Complete,social_proof,lowtrust_socialproof,1,0.3333333333333333,QID16
2026-05-29 05:23:25,2026-05-29 05:27:01,0,100,215,1,2026-05-29 05:27:01,R_2f8RRvrBBHYxRrr,anonymous,EN,1,1,3,1,4,3,3,3,2,2,7,,,,,,4,2,2,2,2,1,4,2,complete,,,Complete,scarcity,lowtrust_scarcity,0,0,
2026-05-29 03:57:57,2026-05-29 04:32:53,0,63,2096,0,2026-05-29 05:32:54,R_8jGouGvhiL03rJT,anonymous,EN,0.800000011920929,1,1,1,1,1,,,,,,,,,,,,,,,,,,,complete,,,,social_proof,lowtrust_socialproof,1,1,QID10
2026-05-29 05:44:55,2026-05-29 05:47:36,0,100,161,1,2026-05-29 05:47:36,R_8KyhKmgSM3rnJdR,anonymous,EN,0.8999999761581421,1,1,1,1,1,,,,,,2,5,2,2,7,2,2,2,2,2,1,2,2,complete,,,Complete,social_proof,hightrust_socialproof,2,0.6666666666666666,"QID10,QID16"
2026-05-29 05:46:43,2026-05-29 05:48:41,0,100,118,1,2026-05-29 05:48:42,R_2cpYNuprgUPaiAu,anonymous,EN,1,1,5,4,5,5,,,,,,6,6,6,6,7,6,7,6,6,7,1,1,7,complete,,,Complete,social_proof,lowtrust_socialproof,0,0,
2026-05-29 05:58:06,2026-05-29 06:00:02,0,100,116,1,2026-05-29 06:00:03,R_8DMi0C7yX52a5wt,anonymous,EN,1,1,3,3,4,4,5,6,5,5,5,,,,,,5,5,5,5,5,1,2,3,complete,,,Complete,scarcity,hightrust_scarcity,1,0.3333333333333333,QID16
2026-05-29 05:17:35,2026-05-29 05:21:23,0,74,227,0,2026-05-29 06:21:25,R_27v5HbNUyyfpQfU,anonymous,EN,1,1,5,3,4,5,1,2,2,2,7,,,,,,,,,,,,,,complete,,,,scarcity,hightrust_scarcity,0,0,
2026-05-29 06:23:37,2026-05-29 06:27:28,0,100,230,1,2026-05-29 06:27:28,R_8k4EdInDtwdfiv7,anonymous,EN,1,1,6,4,5,5,,,,,,4,4,4,4,4,5,5,5,5,5,4,2,5,complete,,,Complete,social_proof,hightrust_socialproof,2,0.6666666666666666,"QID16,QID30"
2026-05-29 05:30:54,2026-05-29 05:32:35,0,58,101,0,2026-05-29 06:32:36,R_8UI4m6aWLlmcBwt,anonymous,EN,1,1,,,,,,,,,,,,,,,,,,,,,,,complete,,,,scarcity,lowtrust_scarcity,0,0,
2026-05-29 06:44:25,2026-05-29 06:46:28,0,100,123,1,2026-05-29 06:46:29,R_8BRECiHxy11wMxy,anonymous,EN,1,1,2,1,1,3,2,2,2,1,7,,,,,,2,1,2,1,2,3,1,1,complete,,,Complete,scarcity,hightrust_scarcity,0,0,
2026-05-29 06:45:28,2026-05-29 06:48:45,0,100,197,1,2026-05-29 06:48:46,R_2UmHeBX1LqPrTyx,anonymous,EN,1,1,6,6,5,6,,,,,,7,6,6,6,7,5,5,3,4,3,1,1,5,complete,,,Complete,social_proof,lowtrust_socialproof,0,0,
2026-05-29 07:58:27,2026-05-29 08:02:14,0,100,227,1,2026-05-29 08:02:15,R_2jPyZ2pts6ySSdm,anonymous,EN,1,1,2,2,2,2,2,2,2,2,7,,,,,,1,1,1,1,1,5,2,5,complete,,,Complete,scarcity,lowtrust_scarcity,2,0.6666666666666666,"QID10,QID16"
2026-05-29 08:04:28,2026-05-29 08:14:23,0,100,595,1,2026-05-29 08:14:24,R_8EawWTLqAghSxeJ,anonymous,EN,0.8999999761581421,1,5,4,4,5,,,,,,5,5,5,5,7,2,1,3,3,5,6,2,6,complete,,,Complete,social_proof,hightrust_socialproof,0,0,
2026-05-29 09:46:40,2026-05-29 09:48:41,0,100,120,1,2026-05-29 09:48:41,R_8IXG32CVLBLhCh2,anonymous,EN,1,1,4,5,4,4,5,6,6,6,7,,,,,,2,2,3,4,2,1,2,7,complete,,,Complete,scarcity,hightrust_scarcity,0,0,
2026-05-29 11:14:38,2026-05-29 11:16:58,0,100,139,1,2026-05-29 11:16:59,R_8rHdPfMhMQnbxmq,anonymous,EN,1,1,5,5,5,4,,,,,,6,6,6,6,7,6,6,6,6,6,1,2,6,complete,,,Complete,social_proof,lowtrust_socialproof,1,0.3333333333333333,QID16
2026-05-29 12:15:10,2026-05-29 12:18:51,0,100,221,1,2026-05-29 12:18:51,R_2COw9VjJAhOoAdw,anonymous,EN,1,1,6,6,6,6,3,3,3,3,7,,,,,,6,6,6,6,6,4,2,7,complete,,,Complete,scarcity,lowtrust_scarcity,2,0.6666666666666666,"QID10,QID16"
2026-05-29 12:32:54,2026-05-29 12:35:17,0,100,142,1,2026-05-29 12:35:18,R_2B5Jj4AToAp0J5B,qr,EN,1,1,5,5,4,6,,,,,,5,5,4,6,7,3,2,2,2,3,1,2,5,complete,,,Complete,social_proof,hightrust_socialproof,0,0,
2026-05-29 12:31:47,2026-05-29 12:37:41,0,100,353,1,2026-05-29 12:37:41,R_8iqxI7tprYYZEq2,qr,EN,0.800000011920929,1,3,4,3,3,5,5,5,5,4,,,,,,4,4,4,4,4,4,1,7,complete,,,Complete,scarcity,hightrust_scarcity,1,0.3333333333333333,QID16
2026-05-29 12:37:50,2026-05-29 12:39:40,0,100,110,1,2026-05-29 12:39:41,R_807xvtWSAFvlevM,anonymous,EN,0.800000011920929,1,3,3,3,3,2,1,1,1,7,,,,,,2,2,2,2,2,3,2,7,complete,,,Complete,scarcity,lowtrust_scarcity,2,0.6666666666666666,"QID10,QID16"
2026-05-29 12:38:34,2026-05-29 12:40:44,0,100,129,1,2026-05-29 12:40:44,R_8NwSgGFEIIplu4O,qr,EN,1,1,5,4,4,4,,,,,,4,4,4,4,7,6,2,3,5,5,1,2,7,complete,,,Complete,social_proof,lowtrust_socialproof,0,0,
2026-05-29 12:54:34,2026-05-29 12:58:18,0,100,224,1,2026-05-29 12:58:19,R_8XonI2MEYMmyO3v,qr,EN,1,1,5,5,4,5,,,,,,5,5,4,5,7,5,6,5,5,5,2,2,6,complete,,,Complete,social_proof,hightrust_socialproof,0,0,
2026-05-29 13:10:13,2026-05-29 13:17:37,0,100,443,1,2026-05-29 13:17:37,R_2C4DUOtlOWCWYud,anonymous,EN,0.8999999761581421,1,4,2,4,4,5,6,3,5,7,,,,,,3,4,2,4,3,3,1,5,complete,,,Complete,scarcity,hightrust_scarcity,0,0,
2026-05-29 12:23:52,2026-05-29 12:24:56,0,58,64,0,2026-05-29 13:24:57,R_2MlADFaP9Y92LBv,anonymous,EN,1,1,,,,,,,,,,,,,,,,,,,,,,,complete,,,,social_proof,lowtrust_socialproof,0,0,
2026-05-29 13:30:04,2026-05-29 13:38:28,0,100,504,1,2026-05-29 13:38:29,R_2M8PcUS8HV9mXSh,qr,EN,1,1,3,2,2,2,2,2,2,2,2,,,,,,2,2,1,1,1,5,1,6,complete,,,Complete,scarcity,lowtrust_scarcity,1,0.3333333333333333,QID11
2026-05-29 14:28:21,2026-05-29 14:33:19,0,100,298,1,2026-05-29 14:33:20,R_2dAoKbRozIzAuMu,anonymous,EN,1,1,2,3,3,4,,,,,,2,2,3,3,7,2,2,2,2,2,3,2,4,complete,,,Complete,social_proof,lowtrust_socialproof,1,0.3333333333333333,QID16
2026-05-29 14:41:02,2026-05-29 14:43:21,0,100,139,1,2026-05-29 14:43:22,R_2aLxLtkccdA7JqF,anonymous,EN,1,1,5,4,2,3,,,,,,4,4,3,4,7,2,2,2,3,2,1,1,2,complete,,,Complete,social_proof,hightrust_socialproof,0,0,
2026-05-29 15:08:20,2026-05-29 15:09:57,0,100,97,1,2026-05-29 15:09:58,R_2ceGnpGFVYO72Hl,anonymous,EN,1,1,5,5,4,4,2,2,1,2,4,,,,,,2,2,2,2,2,3,1,5,complete,,,Complete,scarcity,lowtrust_scarcity,1,0.3333333333333333,QID16
2026-05-29 14:31:40,2026-05-29 14:32:27,0,58,47,0,2026-05-29 15:32:35,R_2OynTle8gp61WLf,anonymous,EN,0.8999999761581421,1,,,,,,,,,,,,,,,,,,,,,,,complete,,,,scarcity,lowtrust_scarcity,0,0,
2026-05-29 15:49:32,2026-05-29 15:51:35,0,100,122,1,2026-05-29 15:51:35,R_22DSestp1p9Cm9O,anonymous,EN,0.800000011920929,1,5,4,5,5,6,6,5,6,7,,,,,,4,3,5,5,5,1,1,5,complete,,,Complete,scarcity,hightrust_scarcity,0,0,
2026-05-29 15:03:35,2026-05-29 15:03:47,0,42,11,0,2026-05-29 16:03:52,R_23wfvUj3MoBnxbL,anonymous,EN,1,1,,,,,,,,,,,,,,,,,,,,,,,complete,,,,scarcity,hightrust_scarcity,0,0,
2026-05-29 15:18:20,2026-05-29 15:18:44,0,42,23,0,2026-05-29 16:18:50,R_2efWWu2QAeucOYr,anonymous,EN,1,1,,,,,,,,,,,,,,,,,,,,,,,complete,,,,social_proof,hightrust_socialproof,0,0,
2026-05-29 16:43:25,2026-05-29 16:46:33,0,100,188,1,2026-05-29 16:46:33,R_88YyNDmM4DeZVv8,anonymous,EN,1,1,6,7,4,4,,,,,,5,6,5,4,7,2,2,2,1,2,5,2,5,complete,,,Complete,social_proof,lowtrust_socialproof,0,0,
2026-05-30 01:14:55,2026-05-30 01:17:10,0,100,135,1,2026-05-30 01:17:11,R_2hcBFZyqvnOgd3z,qr,EN,1,1,1,2,2,2,,,,,,2,2,2,2,4,5,5,5,5,5,4,2,4,complete,,,Complete,social_proof,hightrust_socialproof,1,0.3333333333333333,QID16
2026-05-30 01:30:47,2026-05-30 01:35:13,0,100,266,1,2026-05-30 01:35:14,R_20UbcRYN5weSGwV,anonymous,EN,0.8999999761581421,1,4,4,4,4,,,,,,4,4,4,4,7,2,2,6,2,2,4,1,7,complete,,,Complete,social_proof,lowtrust_socialproof,1,0.3333333333333333,QID10
2026-05-30 00:38:28,2026-05-30 00:38:59,0,53,31,0,2026-05-30 01:39:00,R_2cJGtLbTgITdW6J,anonymous,EN,1,1,,,,,,,,,,,,,,,,,,,,,,,complete,,,,scarcity,lowtrust_scarcity,0,0,
2026-05-30 05:18:01,2026-05-30 05:24:47,0,100,405,1,2026-05-30 05:24:48,R_2HpXt79TxT8CSjC,anonymous,EN,1,1,6,6,7,7,3,2,2,3,7,,,,,,4,4,4,4,4,1,2,7,complete,,,Complete,scarcity,hightrust_scarcity,1,0.3333333333333333,QID16
2026-05-30 05:28:56,2026-05-30 05:35:53,0,100,416,1,2026-05-30 05:35:53,R_8GuTazuvW8rlTrz,qr,EN,1,1,2,2,4,2,1,1,1,1,7,,,,,,2,2,2,3,1,2,1,5,complete,,,Complete,scarcity,lowtrust_scarcity,0,0,
2026-05-30 09:15:43,2026-05-30 09:17:18,0,100,94,1,2026-05-30 09:17:19,R_8gbxGwWTNnpzE2t,anonymous,EN,0.8999999761581421,1,4,3,5,5,1,1,1,1,1,,,,,,4,4,4,4,4,3,2,5,complete,,,Complete,scarcity,hightrust_scarcity,2,0.6666666666666666,"QID11,QID16"
2026-05-30 09:16:52,2026-05-30 09:18:27,0,100,94,1,2026-05-30 09:18:27,R_8a95Zl4XvnqSQq1,anonymous,EN,0.8999999761581421,1,4,4,6,6,,,,,,4,4,4,4,4,6,4,5,4,5,1,2,7,complete,,,Complete,social_proof,hightrust_socialproof,1,0.3333333333333333,QID30
2026-05-30 09:15:56,2026-05-30 09:18:45,0,100,169,1,2026-05-30 09:18:46,R_8ok9707rcDL2dHd,anonymous,EN,1,1,5,2,2,4,,,,,,3,4,2,3,7,4,3,2,3,4,1,1,5,complete,,,Complete,social_proof,hightrust_socialproof,0,0,
2026-05-30 09:16:46,2026-05-30 09:20:28,0,100,222,1,2026-05-30 09:20:29,R_8gY4xbucq5I88As,anonymous,EN,0.8999999761581421,1,5,4,5,6,,,,,,5,5,4,4,4,4,4,4,4,4,1,1,5,complete,,,Complete,social_proof,lowtrust_socialproof,1,0.3333333333333333,QID16
2026-05-30 09:19:50,2026-05-30 09:24:29,0,100,278,1,2026-05-30 09:24:29,R_8ckiSgLT7hD5NTF,anonymous,EN,1,1,4,4,4,4,3,5,5,4,7,,,,,,4,5,4,3,3,3,1,4,complete,,,Complete,scarcity,hightrust_scarcity,1,0.3333333333333333,QID10
2026-05-30 18:18:02,2026-05-30 18:30:57,0,100,775,1,2026-05-30 18:30:58,R_299PTdqFHrfaseO,anonymous,EN,1,1,2,3,4,5,1,1,1,1,7,,,,,,2,2,1,2,1,4,2,5,complete,,,Complete,scarcity,lowtrust_scarcity,0,0,
2026-05-30 23:31:15,2026-05-30 23:32:21,0,63,65,0,2026-05-31 00:32:22,R_8Qay5gafmJRgpM8,anonymous,EN,1,1,6,6,6,6,,,,,,,,,,,,,,,,,,,complete,,,,social_proof,lowtrust_socialproof,1,1,QID10
2026-05-31 05:13:36,2026-05-31 05:32:46,0,100,1149,1,2026-05-31 05:32:46,R_831f0NXwXUd0fg3,anonymous,EN,1,1,4,6,2,3,,,,,,5,5,5,5,4,6,5,7,5,5,3,1,2,complete,,,Complete,social_proof,hightrust_socialproof,0,0,
2026-05-31 05:50:27,2026-05-31 05:52:02,0,100,94,1,2026-05-31 05:52:03,R_2RYrJru8uzV3ajT,anonymous,EN,0.8999999761581421,1,5,3,6,6,5,3,3,3,7,,,,,,5,5,5,5,5,1,2,2,complete,,,Complete,scarcity,hightrust_scarcity,1,0.3333333333333333,QID16
2026-05-31 07:07:05,2026-05-31 07:10:54,0,100,229,1,2026-05-31 07:10:54,R_8zu9PvmQ7EYVQ7i,anonymous,EN,1,1,3,3,2,2,1,1,1,1,7,,,,,,2,2,2,2,2,1,2,7,complete,,,Complete,scarcity,lowtrust_scarcity,1,0.3333333333333333,QID16
2026-05-31 07:17:54,2026-05-31 07:44:44,0,100,1609,1,2026-05-31 07:44:44,R_8RPPh2Wxfga5c7C,anonymous,EN,1,1,4,3,3,3,,,,,,1,3,1,3,6,3,1,1,1,1,5,1,5,complete,,,Complete,social_proof,lowtrust_socialproof,0,0,
2026-05-31 08:50:10,2026-05-31 08:54:40,0,100,270,1,2026-05-31 08:54:41,R_27KxkD8ubvmHMge,anonymous,EN,1,1,7,7,7,7,,,,,,6,6,6,6,7,7,7,7,7,7,4,2,1,complete,,,Complete,social_proof,hightrust_socialproof,2,0.6666666666666666,"QID10,QID16"
2026-05-31 08:35:53,2026-05-31 08:36:14,0,42,20,0,2026-05-31 09:36:16,R_8fHqUY8ucO1XqHv,anonymous,EN,1,1,,,,,,,,,,,,,,,,,,,,,,,complete,,,,social_proof,lowtrust_socialproof,0,0,
2026-05-31 09:35:42,2026-05-31 09:37:15,0,100,93,1,2026-05-31 09:37:16,R_89NaHdA0gGZDbRT,anonymous,EN,1,1,6,6,6,4,6,7,6,6,7,,,,,,5,5,5,5,6,1,2,5,complete,,,Complete,scarcity,hightrust_scarcity,0,0,
2026-05-31 11:42:55,2026-05-31 11:43:13,0,42,17,0,2026-05-31 12:43:23,R_2xDIw1BNN8cKSXa,anonymous,EN,0.800000011920929,1,,,,,,,,,,,,,,,,,,,,,,,complete,,,,scarcity,lowtrust_scarcity,0,0,
2026-05-31 12:59:15,2026-05-31 13:01:52,0,100,156,1,2026-05-31 13:01:52,R_2n8YMU0EPnqtRbC,anonymous,EN,1,1,5,6,6,5,3,2,3,2,7,,,,,,5,4,5,5,4,1,1,6,complete,,,Complete,scarcity,hightrust_scarcity,0,0,
2026-05-31 12:27:50,2026-05-31 12:28:28,0,42,37,0,2026-05-31 13:28:32,R_8YxgtpMDjlKPQW4,anonymous,EN,1,1,,,,,,,,,,,,,,,,,,,,,,,complete,,,,social_proof,hightrust_socialproof,0,0,
2026-06-01 02:16:40,2026-06-01 02:19:42,0,100,182,1,2026-06-01 02:19:43,R_8dn34LtcL1iIzSP,anonymous,EN,0.8999999761581421,1,3,3,3,3,2,2,2,2,7,,,,,,2,2,2,2,2,5,1,6,complete,,,Complete,scarcity,lowtrust_scarcity,2,0.6666666666666666,"QID10,QID16"
2026-06-01 03:17:22,2026-06-01 03:19:30,0,100,128,1,2026-06-01 03:19:31,R_8dnI6s13jYQzoiZ,anonymous,EN,0.30000001192092896,1,3,3,3,3,1,1,1,1,7,,,,,,1,1,1,1,1,5,1,5,complete,,,Complete,scarcity,lowtrust_scarcity,2,0.6666666666666666,"QID10,QID16"
2026-06-01 03:21:24,2026-06-01 03:24:56,0,100,211,1,2026-06-01 03:24:57,R_85EYHdneBPLDmY6,anonymous,EN,0.20000000298023224,1,7,7,7,7,7,7,7,7,7,,,,,,6,6,6,6,6,5,1,5,complete,,,Complete,scarcity,hightrust_scarcity,3,1,"QID10,QID11,QID16"
2026-06-01 02:25:35,2026-06-01 02:27:40,0,79,124,0,2026-06-01 03:27:42,R_8nxtKXelV43bU9d,anonymous,EN,0.8999999761581421,1,7,7,7,7,,,,,,5,5,5,5,7,2,2,2,4,3,,,,complete,,,,social_proof,lowtrust_socialproof,1,0.3333333333333333,QID10
2026-06-01 03:28:45,2026-06-01 03:30:40,0,100,115,1,2026-06-01 03:30:41,R_2ttz9MGeTuzSH4E,anonymous,EN,0.8999999761581421,1,6,4,6,7,,,,,,5,5,6,5,7,5,3,3,4,3,1,2,7,complete,,,Complete,social_proof,hightrust_socialproof,0,0,
2026-06-01 03:26:08,2026-06-01 03:31:35,0,100,326,1,2026-06-01 03:31:35,R_8I3Hc7IW0Mp61bK,anonymous,EN,0.20000000298023224,1,2,2,4,2,,,,,,3,3,3,3,7,1,1,1,1,1,3,2,5,complete,,,Complete,social_proof,lowtrust_socialproof,1,0.3333333333333333,QID16
2026-06-01 03:49:56,2026-06-01 03:51:59,0,100,122,1,2026-06-01 03:51:59,R_8q1LT8w4GfZIs6u,anonymous,EN,1,1,5,4,4,5,4,4,4,4,7,,,,,,5,5,5,5,5,1,2,5,complete,,,Complete,scarcity,hightrust_scarcity,1,0.3333333333333333,QID16
2026-06-01 04:37:13,2026-06-01 04:46:50,0,100,576,1,2026-06-01 04:46:50,R_8qowYDB970iBFfj,anonymous,EN,0.800000011920929,1,3,3,2,3,,,,,,4,3,2,3,7,2,2,2,2,2,6,1,3,complete,,,Complete,social_proof,lowtrust_socialproof,1,0.3333333333333333,QID16
2026-06-01 04:45:50,2026-06-01 04:50:25,0,100,274,1,2026-06-01 04:50:26,R_2s5jNe3VGUHljKu,qr,EN,1,1,5,5,5,5,,,,,,3,4,3,3,7,5,4,5,5,5,3,1,4,complete,,,Complete,social_proof,hightrust_socialproof,1,0.3333333333333333,QID10
2026-06-01 05:15:43,2026-06-01 05:18:57,0,100,194,1,2026-06-01 05:18:58,R_2fp3IJukAWOruYQ,anonymous,EN,1,1,3,2,2,2,2,2,2,2,7,,,,,,2,2,2,2,2,2,1,6,complete,,,Complete,scarcity,lowtrust_scarcity,1,0.3333333333333333,QID16
2026-06-01 05:49:39,2026-06-01 05:51:49,0,63,130,0,2026-06-01 06:51:55,R_2eLjoAtY148h5Ka,anonymous,EN,1,1,6,5,6,5,,,,,,,,,,,,,,,,,,,complete,,,,scarcity,hightrust_scarcity,0,0,
2026-06-01 07:07:20,2026-06-01 07:10:41,0,100,201,1,2026-06-01 07:10:42,R_8pHOlgyWvSDKBVL,anonymous,EN,1,1,2,1,1,2,2,2,1,1,7,,,,,,2,2,1,1,1,1,1,6,complete,,,Complete,scarcity,lowtrust_scarcity,0,0,
2026-06-01 08:08:06,2026-06-01 08:09:34,0,63,88,0,2026-06-01 09:09:35,R_88NjgkZgLSF7obZ,anonymous,EN,1,1,5,3,3,4,,,,,,,,,,,,,,,,,,,complete,,,,social_proof,hightrust_socialproof,0,0,
2026-06-01 13:52:03,2026-06-01 13:54:41,0,100,158,1,2026-06-01 13:54:42,R_2IXVjxTXV4ZErIT,anonymous,EN,0.5,1,3,3,5,4,,,,,,6,6,6,6,7,6,6,6,6,6,1,1,2,complete,,,Complete,social_proof,lowtrust_socialproof,1,0.3333333333333333,QID16
2026-06-02 02:33:43,2026-06-02 02:36:22,0,100,159,1,2026-06-02 02:36:23,R_2Us5WjH2PeiDv4R,anonymous,EN,0.800000011920929,1,4,4,5,5,1,2,2,2,7,,,,,,4,4,4,4,4,1,1,7,complete,,,Complete,scarcity,lowtrust_scarcity,1,0.3333333333333333,QID16
2026-06-02 06:12:21,2026-06-02 06:13:36,0,100,74,1,2026-06-02 06:13:36,R_8032lzVwFTXknlV,anonymous,EN,0.8999999761581421,1,4,3,4,4,,,,,,4,5,4,4,7,4,5,5,3,5,1,1,5,complete,,,Complete,social_proof,hightrust_socialproof,0,0,
2026-06-02 07:01:11,2026-06-02 07:03:38,0,100,147,1,2026-06-02 07:03:39,R_8cv0df7qPiCBnPg,anonymous,EN,0.800000011920929,1,6,4,4,6,,,,,,6,6,6,6,7,5,5,5,5,6,3,2,5,complete,,,Complete,social_proof,lowtrust_socialproof,0,0,
2026-06-02 08:37:57,2026-06-02 08:40:30,0,100,152,1,2026-06-02 08:40:30,R_2NgF8rOOhWebdsi,anonymous,EN,1,1,6,4,5,6,4,5,5,5,7,,,,,,5,6,6,5,6,1,2,6,complete,,,Complete,scarcity,hightrust_scarcity,0,0,
2026-06-02 08:54:27,2026-06-02 08:56:00,0,100,92,1,2026-06-02 08:56:00,R_2I5gTSFnx6dsdvP,anonymous,EN,1,1,4,5,6,5,,,,,,5,5,5,5,5,6,4,4,6,6,1,1,7,complete,,,Complete,social_proof,lowtrust_socialproof,1,0.3333333333333333,QID30
2026-06-02 12:08:08,2026-06-02 12:10:15,0,100,126,1,2026-06-02 12:10:16,R_2DZ0QBMaPkcku7c,anonymous,EN,0.800000011920929,1,4,5,6,4,3,5,4,4,5,,,,,,3,3,5,6,6,1,2,7,complete,,,Complete,scarcity,hightrust_scarcity,0,0,
2026-06-02 12:48:07,2026-06-02 12:49:38,0,100,91,1,2026-06-02 12:49:39,R_8b2fwMPcYzJjGkS,anonymous,EN,1,1,5,4,6,6,,,,,,7,7,7,7,7,4,4,3,3,2,2,2,7,complete,,,Complete,social_proof,hightrust_socialproof,1,0.3333333333333333,QID30
